1	Sin personal a cargo	4. Operadores	TITULAR MINERO	GEOLOGIA	RAURA								4	5	4	5	5	5	4	4	4	5	5	4	4	4	4	4	5	4	3	2	4	4	4	3	4	4	5	4	4	4				
2	Sin personal a cargo	4. Operadores	TITULAR MINERO	GEOLOGIA	RAURA								3	2	4	4	4	4	3	3	4	5	5	5	3	5	3	3	4	5	4	3	3	4	5	4	4	4	3	3	4	4				Comentarios por redes sociales
3	Sin personal a cargo	4. Operadores	TITULAR MINERO	GEOLOGIA	RAURA								3	3	4	4	4	4	4	4	4	3	4	5	2	4	4	3	4	4	4	4	3	3	3	4	3	4	3	3	4	4				Las zonas seguras en caso de sismos
4	Sin personal a cargo	2. Asistentes	TITULAR MINERO	GEOLOGIA	RAURA								5	4	4	5	5	5	4	5	4	5	5	5	5	5	4	5	5	5	4	4	5	4	4	4	4	4	4	5	4	4				
5	Sin personal a cargo	2. Asistentes	TITULAR MINERO	GEOLOGIA	RAURA								4	4	4	5	5	4	4	4	4	5	5	5	4	5	4	4	5	4	3	3	4	3	4	4	4	4	4	4	4	4				Uso de las escaleras
6	Con personal a cargo	2. Supervisores	TITULAR MINERO	GEOLOGIA	RAURA								3	4	5	5	4	4	4	5	4	5	4	5	5	5	5	5	5	5	4	3	4	3	4	4	5	5	5	5	4	4				
7	Con personal a cargo	2. Supervisores	TITULAR MINERO	GEOLOGIA	RAURA								3	4	3	4	4	4	4	4	3	4	4	4	4	4	4	4	4	4	3	3	4	3	3	3	4	4	4	4	4	4				
8	Con personal a cargo	1. Superintendentes	TITULAR MINERO	GEOLOGIA	RAURA								5	5	3	5	4	5	4	4	5	5	5	5	4	4	4	5	5	5	4	5	4	4	4	3	5	5	5	4	5	5				
9	Con personal a cargo	3. Jefes de Área	TITULAR MINERO	GEOLOGIA	RAURA								5	5	4	5	5	5	4	4	5	5	5	5	4	5	4	5	5	5	4	5	5	5	2	4	4	5	5	5	5	5				Uso de extintores en el condomio y uso de los 3 puntos de apoyo.
10	Con personal a cargo	2. Supervisores	TITULAR MINERO	GEOLOGIA	RAURA								5	5	5	5	5	5	5	5	4	5	5	5	5	5	5	5	5	5	4	5	5	5	5	4	5	5	5	5	4	4				Pisos resbalosos, usar tres puntos de apoyo, caminar sin el celular.
11	Sin personal a cargo	1. Ingenieros	TITULAR MINERO	GEOLOGIA	RAURA								2	4	4	4	4	4	4	4	4	4	5	5	5	5	4	5	4	3	4	1	4	4	4	4	4	5	4	4	5	5				Conversamos sobre la importancia de seguridad
12	Sin personal a cargo	1. Ingenieros	TITULAR MINERO	GEOLOGIA	RAURA								5	4	4	5	5	5	5	5	4	5	5	5	4	5	5	4	5	5	4	3	5	5	4	4	5	4	5	5	4	4				Uso correcto de epps
13	Con personal a cargo	2. Supervisores	TITULAR MINERO	GEOLOGIA	RAURA								3	4	5	5	4	4	4	5	4	5	4	5	5	5	5	5	5	5	4	3	4	3	4	4	5	5	5	5	4	4				
14	Con personal a cargo	1. Gerentes	TITULAR MINERO	GERENCIA	RAURA								4	4	4	4	5	4	4	5	4	5	5	5	4	5	5	4	4	4	4	5	4	4	5	5	5	5	4	4	4	4				Ubicaión del gas propano (lejos de la cocina)
15	Sin personal a cargo	1. Ingenieros	EMPRESA CONTRATISTA MINERA	GEOLOGIA	CONTRATISTA								5	4	4	4	4	4	4	4	4	5	5	4	4	4	4	5	5	4	4	5	5	5	5	4	5	5	5	4	5	5				En casa se tiene un botiquien,extintor y respetar las señales de transito.
16	Sin personal a cargo	1. Ingenieros	EMPRESA CONTRATISTA MINERA	GEOLOGIA	CONTRATISTA								4	5	3	4	4	3	4	4	5	4	5	5	4	5	4	4	5	4	3	3	3	4	5	4	5	4	4	4	3	3				Importancia de implementar un extintor por los accidentes transmitidos en TV.
17	Con personal a cargo	3. Jefes de Área	EMPRESA CONTRATISTA MINERA	GEOLOGIA	CONTRATISTA								4	4	4	4	4	4	4	4	5	5	4	5	5	5	4	4	4	5	4	4	4	4	4	4	5	4	4	4	4	4				Aislando las canaletas de cables electricos
18	Con personal a cargo	2. Supervisores	EMPRESA CONTRATISTA MINERA	GEOLOGIA	CONTRATISTA								4	3	4	4	3	4	4	5	4	3	2	4	5	4	4	4	5	4	4	3	5	4	4	3	4	4	4	3	4	4				practicando las 5s
19	Con personal a cargo	2. Supervisores	EMPRESA CONTRATISTA MINERA	GEOLOGIA	CONTRATISTA								5	4	5	5	5	4	3	3	4	5	5	5	5	5	5	4	4	3	4	2	3	3		4	5	4	3	2	5	5				
20	Con personal a cargo	2. Supervisores	EMPRESA CONTRATISTA MINERA	GEOLOGIA	CONTRATISTA								3	4	4	4	4	4	4	4	4	4	4	5	5	5	4	5	3	4	4	5	4	4	3	4	4	5	4	2	4	4				hablar sobre la descarga de energia de algun interruptor
21	Con personal a cargo	2. Supervisores	EMPRESA CONTRATISTA MINERA	GEOLOGIA	CONTRATISTA								4	4	5	5	5	5	4	5	5	5	5	4	5	5	5	5	5	5	5	4	4	4	4	5	5	5	4	3	5	5				Le enseño a mis hijos a valorarnos como personas
22	Sin personal a cargo	4. Operadores	EMPRESA CONTRATISTA MINERA	GEOLOGIA	CONTRATISTA								3	2	5	3	5	5	5	5	3	5	4	5	5	5	4	5	5	5	5	4	3	4	5	3	4	4	4		4	4				Respetar la señalización
23	Sin personal a cargo	4. Operadores	EMPRESA CONTRATISTA MINERA	GEOLOGIA	CONTRATISTA								4	3	3	4	4	4	5	4	5	4	5	5	5	5	4	3	4	3	5	2	3	4	5	4	5	4	4	4	3	3				Conversa sobre los riesgos que se pueda pasar por inseguridad
24	Sin personal a cargo	4. Operadores	EMPRESA CONTRATISTA MINERA	GEOLOGIA	CONTRATISTA								5	5	5	5	5	5	5	5	2	5	5	5	5	5	5	5	5	5	5	5	5	5	2	5	5	4	3	2	5	5				Uso de tres puntos de apoyo
25	Sin personal a cargo	4. Operadores	EMPRESA CONTRATISTA MINERA	GEOLOGIA	CONTRATISTA								3	3	5	5	5	5	4	5	5	4	5	5	5	5	5	5	5	5	5	4	4	3	5	5	5	5	4	4	5	5				Le explico a mis  hijos la manipulación de cosas electricas y subir o bajar escaleras
26	Sin personal a cargo	4. Operadores	TITULAR MINERO	PLANTA CONCENTRADORA	RAURA								2	3	2	3	2	2	2	2	2	3	4	5	3	3	2	2	3	3	3	2	2	3	2	3	2	3	2	2	4	4				
27	Sin personal a cargo	4. Operadores	TITULAR MINERO	PLANTA CONCENTRADORA	RAURA								5	3	5	5	5	5	5	3	5	4	5	5	5	5	5	3	5	5	3	3	5	3	3	5	5	5	5	2	5	5				
28	Sin personal a cargo	4. Operadores	TITULAR MINERO	PLANTA CONCENTRADORA	RAURA								5	5	5	5	5	5	5	5	3	5	5	5	5	5	5	5	5	5	5	5	5	5	5	5	5	5	5	5	3	3				La seguridad es importante
29	Sin personal a cargo	1. Ingenieros	TITULAR MINERO	PLANTA CONCENTRADORA	RAURA								5	5	5	5	5	5	5	5	5	5	5	5	5	5	5	5	5	5	5	5	5	5	5	5	5	5	5	5	5	5				Si hablar de los 3 puntos de apoyo
30	Sin personal a cargo	4. Operadores	TITULAR MINERO	PLANTA CONCENTRADORA	RAURA								3	3	4	3	4	4	3	4	4	5	3	5	4	5	4	3	5	5	4	3	3	4	2	4	4	4	5	3	5	5				Sobre los 3 puntos de apoyo en las escaleras
31	Sin personal a cargo	4. Operadores	TITULAR MINERO	PLANTA CONCENTRADORA	RAURA								2	3	3	1	2	2	3	3	2	4	4	4	3	3	4	4	4	4	3	2	2	2	2	4	3	3	4	2	4	4				Barandas en mi casa
32	Con personal a cargo	2. Supervisores	TITULAR MINERO	PLANTA CONCENTRADORA	RAURA								5	5	5	5	5	5	5	5	5	5	5	5	5	5	5	5	5	5	5	5	5	5	5	5	5	5	5	5	5	5				Si, en el tema del gas, la apetura de la valvula al momento de utilizar la cocina es muy importante rotular
33	Sin personal a cargo	4. Operadores	TITULAR MINERO	PLANTA CONCENTRADORA	RAURA								2	3	2	3	2	3	2	3	2	5	2	3	2	4	2	4	4	3	4	3	4	3	3	3	4	3	4	3	4	4				Con señalizaciones para ccualquier emergencia
34	Sin personal a cargo	4. Operadores	TITULAR MINERO	PLANTA CONCENTRADORA	RAURA								5	5	5	5	5	5	5	5	5	5	5	5	5	4	5	5	5	4	5	5	5	5	5	5	5	5	5	5	5	5				El uso de los tres puntos apoyo y el uso de extintor
35	Sin personal a cargo	4. Operadores	TITULAR MINERO	PLANTA CONCENTRADORA	RAURA								3	4	5	5	5	5	5	5	4	5	5	5	4	5	5	5	5	5	5	5	5	5	5	5	5	5	5	5	5	5				Estamos bien en casa
36	Sin personal a cargo	4. Operadores	TITULAR MINERO	MINA	RAURA								3	3	2	1	2	2	1	1	1	2	3	5	3	3	3	3	3	2	1	2	2	2	2	2	3	3	3	4	0	0				
37	Sin personal a cargo	1. Ingenieros	TITULAR MINERO	MINA	RAURA								4	4	5	4	5	4	4	5	4	5	5	5	5	5	5	5	5	4	4	3	3	4	4	5	4	4	4	4	4	4				
38	Sin personal a cargo	1. Ingenieros	TITULAR MINERO	MINA	RAURA								4	4	4	4	4	4	4	4	4	4	4	5	4	5	4	5	5	4	5	4	5	3	4	4	4	4	5	4	3	3				Me falta un botiquin
39	Con personal a cargo	3. Jefes de Área	TITULAR MINERO	MINA	RAURA								5	4	5	5	5	5	5	5	4	4	5	5	4	5	5	5	5	5	5	3	3	5	5	2	4	4	3	3	4	4				
40	Con personal a cargo	3. Jefes de Área	TITULAR MINERO	MINA	RAURA								5	4	4	4	4	4	4	4	5	4	4	5	4	5	4	5	5	4	5	4	5	3	4	4	4	4	5	4	4	4				
41	Sin personal a cargo	2. Asistentes	TITULAR MINERO	MINA	RAURA								5	4	4	4	4	4	4	4	5	4	4	5	4	5	4	5	5	4	5	4	5	3	4	4	4	4	5	4	4	4				Me falta un extintor
42	Con personal a cargo	2. Supervisores	EMPRESA CONTRATISTA MINERA	MINA	INCIMMENT								3	4	4	4	4	4	4	4	4	4	4	4	4	4	4	4	4	4	4	4	4	4	4	4	4	4	4	4	4	4				
43	Sin personal a cargo	4. Operadores	EMPRESA CONTRATISTA MINERA	MINA	INCIMMENT								5	4	2	5	5	5	4	5	4	5	5	5	4	5	5	5	5	5	4	5	4	5	4	5	4	4	4	4	5	5				
44	Sin personal a cargo	4. Operadores	EMPRESA CONTRATISTA MINERA	MINA	INCIMMENT								5	4	5	5	4	4	4	4	5	5	5	5	4	4	4	4	5	5	4	4	4	4	4	4	4	4	4	4	5	5				
45	Con personal a cargo	2. Jefes de Zona	EMPRESA CONTRATISTA MINERA	MINA	INCIMMENT								5	5	5	5	5	5	5	4	4	5	5	5	5	5	5	5	5	5	4	5	5	5	5	5	5	5	5	5	5	5				
46	Sin personal a cargo	4. Operadores	EMPRESA CONTRATISTA MINERA	MINA	INCIMMENT								4	4	5	4	5	4	4	4	4	5	5	5	4	4	4	4	4	4	4	4	3	4	3	4	4	4	3	4	5	5				
47	Sin personal a cargo	4. Operadores	EMPRESA CONTRATISTA MINERA	MINA	INCIMMENT								5	4	5	4	4	5	4	5	3	5	5	5	3	4	5	5	3	4	5	3	3	3	5	3	5	5	3	5	0	0				
48	Sin personal a cargo	4. Operadores	EMPRESA CONTRATISTA MINERA	MINA	INCIMMENT								4	4	5	4	4	4	4	4	4	5	5	5	4	4	5	4	5	4	5	5	5	5	4	4	4	4	4	4	4	4				
49	Sin personal a cargo	4. Operadores	EMPRESA CONTRATISTA MINERA	MINA	INCIMMENT								4	4	5	3	4	3	4	4	4	5	5	5	4	4	4	4	5	4	4	4	3	4	4	4	4	4	3	4	5	5				
50	Sin personal a cargo	4. Operadores	EMPRESA CONTRATISTA MINERA	MINA	INCIMMENT								5	5	5	5	4	4	5	5	4	5	5	5	5	4	4	5	5	4	5	5	4	5	4	5	5	5	5	5	5	5				
51	Sin personal a cargo	4. Operadores	EMPRESA CONTRATISTA MINERA	MINA	INCIMMENT								5	5	4	4	5	5	5	5	5	5	5	4	5	5	4	5	5	5	5	5	4	5	3	5	5	5	5	5	4	4				Exposición a equipos moviles
52	Sin personal a cargo	4. Operadores	EMPRESA CONTRATISTA MINERA	MINA	INCIMMENT								5	5	5	5	5	4	5	5	5	5	5	5	5	5	5	5	4	5	5	5	5	5	5	5	5	5	5	5	5	5				
53	Sin personal a cargo	4. Operadores	EMPRESA CONTRATISTA MINERA	MINA	INCIMMENT								4	5	5	4	3	4	4	4	4	5	5	5	4	5	4	5	4	4	4	4	4	4	4	4	4	5	4	5	5	5				
54	Sin personal a cargo	4. Operadores	EMPRESA CONTRATISTA MINERA	MINA	INCIMMENT								5	5	5	5	5	5	5	5	5	5	5	5	5	5	5	5	5	5	5	5	5	4	5	5	5	5	5	5	4	4				Coloco tapones en los tomacorrientes
55	Sin personal a cargo	4. Operadores	EMPRESA CONTRATISTA MINERA	MINA	INCIMMENT								4	5	4	4	4	4	4	4	4	4	4	4	4	4	4	4	5	5	4	5	4	4	5	3	4	4	4	4	4	4				Colocar protectores en las esquinas de los muebles
56	Sin personal a cargo	4. Operadores	EMPRESA CONTRATISTA MINERA	MINA	INCIMMENT								5	5	5	5	5	5	5	5	5	5	5	5	5	5	5	5	5	5	5	5	5	5	5	5	5	5	5	5	5	5				
57	Sin personal a cargo	4. Operadores	EMPRESA CONTRATISTA MINERA	MINA	INCIMMENT								5	5	5	4	4	5	5	5	5	5	5	5	5	5	5	5	5	5	5	5	5	5	5	5	5	5	5	5	5	5				
58	Con personal a cargo	3. Jefes de Área	EMPRESA CONTRATISTA MINERA	MINA	INCIMMENT								4	5	5	5	5	5	5	5	4	5	5	5	5	5	5	5	5	4	4	5	4	4	5	4	5	5	5	5	5	5				
59	Sin personal a cargo	4. Operadores	EMPRESA CONTRATISTA MINERA	MINA	INCIMMENT								5	4	4	5	5	4	4	5	5	5	5	5	5	5	5	5	4	5	5	5	4	5	5	5	5	5	5	5	5	5				Comunicación como cruzar las pistas
60	Sin personal a cargo	4. Operadores	EMPRESA CONTRATISTA MINERA	MINA	INCIMMENT								4	4	4	5	5	5	5	5	5	4	3	5	5	4	4	4	5	5	5	4	4	4	4	4	4	4	4	5	4	4				
61	Sin personal a cargo	4. Operadores	EMPRESA CONTRATISTA MINERA	MINA	INCIMMENT								4	4	4	4	4	4	4	5	5	4	5	5	5	5	5	5	5	5	5	5	3	4	5	4	4	4	2	5	5	5				
62	Sin personal a cargo	4. Operadores	EMPRESA CONTRATISTA MINERA	MINA	INCIMMENT								4	4	5	5	5	5	5	5	5	5	5	5	5	5	4	5	5	5	5	5	4	5	4	5	5	4	4	4	4	4				
63	Con personal a cargo	3. Jefes de Área	EMPRESA CONTRATISTA MINERA	MINA	INCIMMENT								5	4	5	4	4	5	4	4	5	4	4	5	4	4	4	5	5	4	4	5	5	4	5	4	5	5	5	5	5	5				
64	Sin personal a cargo	4. Operadores	EMPRESA CONTRATISTA MINERA	MINA	INCIMMENT								4	5	4	5	5	5	5	5	5	5	5	5	5	5	5	5	5	5	4	5	5	5	5	5	5	5	5	5	5	5				
65	Sin personal a cargo	4. Operadores	EMPRESA CONTRATISTA MINERA	MINA	INCIMMENT								5	5	5	5	5	5	5	5	5	5	5	5	5	5	5	5	5	5	5	5	5	5	5	4	5	5	5	5	5	5				
66	Con personal a cargo	1. Superintendentes	TITULAR MINERO	PROYECTOS	RAURA								5	5	5	5	5	5	4	4	5	5	5	5	4	5	5	5	5	5	4	3	3	5	5	5	5	5	3	3	5	5				
67	Con personal a cargo	3. Jefes de Área	TITULAR MINERO	PROYECTOS	RAURA								4	5	3	4	3	4	4	4	4	5	5	5	4	5	4	4	5	5	5	5	4	4	4	4	4	4	4	4	4	4				
68	Con personal a cargo	2. Supervisores	TITULAR MINERO	PROYECTOS	RAURA								4	4	4	3	3	4	4	4	4	3	5	4	4	4	4	4	4	4	4	4	4	4	3	3	4	3	4	4	3	3				
69	Sin personal a cargo	1. Ingenieros	TITULAR MINERO	PLANEAMIENTO	RAURA								4	4	5	5	5	5	5	4	5	5	5	5	5	5	5	5	5	5	5	4	5	4	3	4	5	4	5	5	4	4				En casa siempre hablamos de medidas de seguridad
70	Sin personal a cargo	1. Ingenieros	TITULAR MINERO	PLANEAMIENTO	RAURA								4	4	4	4	4	4	5	4	4	4	5	5	5	4	3	5	5	4	4	3	3	3	4	4	5	4	2	4	5	5				Aplicar lo aprendido por ejemplo Trisafe
71	Con personal a cargo	3. Jefes de Área	TITULAR MINERO	PLANEAMIENTO	RAURA								4	4	4	4	4	4	3	3	3	4	4	5	4	4	4	4	4	3	4	2	3	3	2	4	4	4	4	4	4	4				
72	Sin personal a cargo	4. Operadores	TITULAR MINERO	PLANEAMIENTO	RAURA								4	4	3	3	3	3	3	3	3	4	5	5	3	4	4	4	5	4	4	2	3	3	3	3	3	4	3	4	5	5				
73	Sin personal a cargo	4. Operadores	TITULAR MINERO	PLANEAMIENTO	RAURA								4	4	4	4	5	4	4	4	5	5	4	5	4	4	5	4	5	4	4	4	5	4	4	4	5	4	4	4	4	4				Deben compartir los accidentes, incidentes
74	Con personal a cargo	2. Supervisores	TITULAR MINERO	PLANEAMIENTO	RAURA								2	3	4	3	3	3	4	3	2	5	5	5	3	5	5	2	5	5	5	5	5	5	5	4	4	4	4	4	4	4				
75	Sin personal a cargo	4. Operadores	TITULAR MINERO	PLANEAMIENTO	RAURA								2	4	1	3	2	2	1	1	1	4	5	5	2	3	4	1	3	3	2	1	1	1	1	2	2	2	1	1	5	5				El no tener exceso de confianza
76	Sin personal a cargo	4. Operadores	TITULAR MINERO	PLANEAMIENTO	RAURA								3	3	4	4	4	4	4	4	4	4	5	5	5	5	5	5	4	4	4	3	4	4	3	1	4	4	4	4	1	1				
77	Sin personal a cargo	4. Operadores	TITULAR MINERO	PLANEAMIENTO	RAURA								4	4	5	5	4	4	3	3	4	5	5	5	4	5	4	2	4	3	3	4	4	3	1	4	2	2	3	2	5	5				Saber como cuidar el bienestar de tu familia
78	Con personal a cargo	2. Supervisores	TITULAR MINERO	PROYECTOS	RAURA								4	4	3	4	4	4	4	4	4	3	5	5	4	5	4	5	4	4	4	4	4	4	4	4	4	4	4	4	5	5				Intento cumplir estandares en casa
79	Sin personal a cargo	1. Ingenieros	TITULAR MINERO	PROYECTOS	RAURA								5	5	5	5	5	5	5	5	5	4	5	5	5	5	5	5	5	5	4	5	5	5	5	5	5	5	5	4	5	5				Tengo zonas señalizadas en casa
80	Sin personal a cargo	1. Ingenieros	EMPRESA CONTRATISTA MINERA	MINA	UNITEC								5	5	5	5	5	5	5	5	5	3	4	5	5	5	5	5	5	5	5	3	5	5	4	5	5	5	5	5	3	3				
81	Sin personal a cargo	1. Ingenieros	EMPRESA CONTRATISTA MINERA	MINA	UNITEC								4	4	5	4	4	4	5	5	4	4	5	5	4	4	5	5	4	4	4	4	5	4	5	4	4	4	5	4	4	4				Las vias de salida muchas veces no stan libres
82	Sin personal a cargo	4. Operadores	EMPRESA CONTRATISTA MINERA	MINA	UNITEC								4	4	5	5	3	4	5	4	4	2	5	5	4	5	4	4	4	4	3	3	2	3	3	3	3	4	1	3	3	3				
83	Sin personal a cargo	4. Operadores	EMPRESA CONTRATISTA MINERA	MINA	UNITEC								4	2	3	4	4	4	4	3	5	4	5	5	4	3	3	3	3	3	3	3	2	4	3	3	2	2	2	3	5	5				
84	Sin personal a cargo	4. Operadores	EMPRESA CONTRATISTA MINERA	MINA	UNITEC								3	5	4	4	5	4	3	2	5	4	5	5	4	4	4	3	5	5	4	2	3	2	4	4	5	4	3	4	4	4				Siempre ver primero nuestra integridad
85	Sin personal a cargo	1. Ingenieros	EMPRESA CONTRATISTA MINERA	MINA	UNITEC								4	5	4	5	5	5	4	5	5	4	5	5	5	5	5	4	4	4	4	5	3	3	3	5	5	3	3	4	5	5				
86	Sin personal a cargo	4. Operadores	EMPRESA CONTRATISTA MINERA	MINA	UNITEC								4	3	4	3	4	4	4	4	3	4	3	4	5	5	4	4	5	4	4	5	4	4	4	4	3	3	3	4	4	4				
87	Sin personal a cargo	4. Operadores	EMPRESA CONTRATISTA MINERA	MINA	UNITEC								4	4	4	4	2	3	3	3	4	5	5	5	3	4	4	5	5	4	4	4	2	4	2	1	4	4	2	2	5	5				
88	Sin personal a cargo	2. Asistentes	EMPRESA CONTRATISTA MINERA	MINA	UNITEC								4	5	5	5	5	5	5	5	5	5	4	5	4	4	4	5	4	5	4	4	5	5	5	5	5	4	5	5	5	5				La seguridad es muy importante y debemos practicarlo ya sea en el trabajo como en la vida cotidiana
89	Sin personal a cargo	1. Ingenieros	EMPRESA CONTRATISTA MINERA	MINA	UNITEC								4	4	4	5	4	4	4	4	4	5	4	5	5	4	5	4	5	4	4	2	4	4	4	5	4	4	5	4	4	4				Siempre comunicamos un peligro que puede existir
90	Con personal a cargo	2. Jefes de Zona	EMPRESA CONTRATISTA MINERA	MINA	UNITEC								4	4	4	5	4	5	4	5	4	5	5	5	5	3	5	5	4	4	3	4	4	5	3	4	3	4	4	4	5	5				Siempre se realizan los trabajaos con seguridad
91	Sin personal a cargo	4. Operadores	EMPRESA CONTRATISTA MINERA	MINA	AESA								5	5	5	1	5	5	5	5	5	5	5	5	5	5	5	5	5	1	1	5	5	5	5	5	5	5	5	5	5	5				
92	Sin personal a cargo	4. Operadores	EMPRESA CONTRATISTA MINERA	MINA	AESA								2	3	3	1	3	4	2	4	2	5	5	5	4	5	3	2	2	3	4	3	2	2	2	2	3	3	3	2	2	2				
93	Sin personal a cargo	4. Operadores	EMPRESA CONTRATISTA MINERA	MINA	AESA								2	2	2	1	3	4	3	2	3	2	3	2	3	2	3	2	3	3	2	3	3	2	2	2	4	3	3	3	3	3				Donde quiera que vamos es con seguridad
94	Sin personal a cargo	4. Operadores	EMPRESA CONTRATISTA MINERA	MINA	AESA								2	3	2	3	2	3	3	3	3	5	5	5	3	4	4	2	2	2	3	1	2	2	1	2	2	2	3	2	4	4				
95	Sin personal a cargo	4. Operadores	EMPRESA CONTRATISTA MINERA	MINA	AESA								3	2	3	3	3	2	3	3	3	2	4	4	3	4	3	3	4	3	4	3	2	2	3	3	3	2	3	2	4	4				
96	Sin personal a cargo	4. Operadores	EMPRESA CONTRATISTA MINERA	MINA	AESA								2	3	4	3	4	4	4	4	5	5	4	4	5	4	4	3	4	3	4	4	2	3	2	3	4	5	3	3	5	5				
97	Sin personal a cargo	4. Operadores	EMPRESA CONTRATISTA MINERA	MINA	AESA								2	2	2	2	2	2	2	2	2	2	2	3	2	2	2	2	4	3	2	2	2	2	2	3	3	3	3	3	3	3				Tenemos que mejorar cada dia
98	Sin personal a cargo	4. Operadores	EMPRESA CONTRATISTA MINERA	MINA	AESA								2	2	2	1	2	3	3	2	2	3	4	4	4	3	4	2	3	3	2	3	3	2	1	4	3	4	4	3	4	4				Donde sea que vamos, siempre con seguirdad
99	Sin personal a cargo	4. Operadores	EMPRESA CONTRATISTA MINERA	MINA	AESA								4	3	4	4	4	5	5	4	5	5	5	5	5	5	5	4	5	4	5	3	5	4	3	5	3	5	4	3	3	3				
100	Sin personal a cargo	4. Operadores	EMPRESA CONTRATISTA MINERA	MINA	AESA								2	5	4	3	3	3	3	3	3	3	4	5	4	4	3	3	4	4	3	3	3	2	2	4	3	4	3	2	4	4				Si al momento de bajar las escaleras y manipular los artefactos
101	Sin personal a cargo	4. Operadores	EMPRESA CONTRATISTA MINERA	MINA	AESA								1	1	1	1	3	3	3	3	3	3	3	5	3	3	1	1	3	2	5	1	1	1	2	5	3	1	1	1	1	1				
102	Sin personal a cargo	4. Operadores	EMPRESA CONTRATISTA MINERA	MINA	AESA								1	1	3	2	2	2	1	1	1	4	4	5	4	2	3	1	2	1	2	1	1	1	3	1	2	4	4	4	4	4				
103	Sin personal a cargo	4. Operadores	EMPRESA CONTRATISTA MINERA	MINA	AESA								3	1	2	3	3	3	3	3	3	4	3	4	4	4	2	3	3	4	4	4	4	4	4	4	4	4	4	4	5	5				Los de compañia obligan la seguridad cuando sus trabajadores no lo hacen
104	Sin personal a cargo	4. Operadores	EMPRESA CONTRATISTA MINERA	MINA	AESA								2	2	3	2	3	3	3	3	4	4	5	5	2	4	3	4	2	4	5	3	3	4	4	5	5	4	4	3	5	5				
105	Sin personal a cargo	4. Operadores	EMPRESA CONTRATISTA MINERA	MINA	AESA								3	3	2	2	1	2	2	2	1	5	5	5	3	5	5	2	3	2	3	3	3	3	5	3	3	2	3	3	5	5				
106	Sin personal a cargo	4. Operadores	EMPRESA CONTRATISTA MINERA	MINA	AESA								1	2	3	2	2	2	3	5	3	5	5	5	5	5	5	3	5	4	4	4	5	5	3	4	5	5	5	5	5	5				
107	Sin personal a cargo	4. Operadores	EMPRESA CONTRATISTA MINERA	MINA	AESA								1	2	2	1	5	5	4	4	1	5	5	5	2	5	3	2	1	3	5	1	1	5	5	5	5	3	3	5	5	5				
108	Sin personal a cargo	4. Operadores	EMPRESA CONTRATISTA MINERA	MINA	AESA								3	3	3	3	3	3	3	3	3	3	3	3	3	3	3	3	1	1	2	1	2	3	3	4	2	2	1	3	4	4				
109	Sin personal a cargo	4. Operadores	EMPRESA CONTRATISTA MINERA	MINA	AESA								1	2	2	3	3	3	3	2	5	3	5	5	2	5	4	2	4	2	4	2	4	4	4	4	3	3	4	3	1	1				
110	Sin personal a cargo	4. Operadores	EMPRESA CONTRATISTA MINERA	MINA	AESA								2	3	2	1	2	2	3	3	3	2	3	5	2	4	3	3	3	3	4	1	1	3	3	3	2	3	3	2	5	5				
111	Sin personal a cargo	4. Operadores	EMPRESA CONTRATISTA MINERA	MINA	AESA								3	4	4	2	2	2	2	3	2	5	4	3	3	5	4	3	3	2	4	2	2	2	4	5	2	2	4	2	4	4				
112	Sin personal a cargo	4. Operadores	EMPRESA CONTRATISTA MINERA	MINA	AESA								2	3	3	2	2	3	3	3	3	2	2	4	3	4	3	4	3	3	4	3	4	3	1	3	2	4	2	2	4	4				
113	Sin personal a cargo	4. Operadores	EMPRESA CONTRATISTA MINERA	MINA	AESA								4	5	5	5	3	5	2	5	5	5	5	5	5	5	5	5	5	5	5	5	5	5	5	4	5	5	5	5	5	5				
114	Sin personal a cargo	4. Operadores	EMPRESA CONTRATISTA MINERA	MINA	AESA								4	4	5	4	5	4	4	4	4	5	5	5	5	5	5	4	4	4	4	4	4	4	4	5	5	5	5	5	5	5				
115	Sin personal a cargo	4. Operadores	EMPRESA CONTRATISTA MINERA	MINA	AESA								2	2	5	3	4	3	4	4	4	5	5	5	4	5	5	4	4	4	5	3	4	4	5	4	5	5	4	5	5	5				
116	Sin personal a cargo	4. Operadores	EMPRESA CONTRATISTA MINERA	MINA	AESA								2	3	2	3	2	3	3	2	2	2	3	5	5	5	5	5	2	3	5	3	5	5	4	3	5	5	5	5	5	5				
117	Sin personal a cargo	4. Operadores	EMPRESA CONTRATISTA MINERA	MINA	AESA								5	4	4	4	5	5	5	4	4	5	5	4	5	4	4	4	5	4	4	4	3	2	2	2	3	3	3	3	5	5				
118	Con personal a cargo	2. Supervisores	EMPRESA CONTRATISTA MINERA	MINA	AESA								4	3	4	4	4	3	3	4	3	4	4	5	3	4	3	4	5	4	3	3	3	3	4	4	4	3	3	3	3	3				
119	Sin personal a cargo	4. Operadores	EMPRESA CONTRATISTA MINERA	MINA	AESA								2	4	2	3	3	3	3	3	2	4	5	5	5	3	3	5	3	4	3	3	3	3	4	3	3	4	3	3	5	5				
120	Sin personal a cargo	4. Operadores	EMPRESA CONTRATISTA MINERA	MINA	AESA								1	4	4	4	4	5	3	2	4	5	4	5	5	5	5	5	5	4	5	1	3	2	4	5	5	1	1	3	5	5				
121	Sin personal a cargo	4. Operadores	EMPRESA CONTRATISTA MINERA	MINA	AESA								2	4	3	4	4	4	3	3	4	5	5	5	3	5	5	4	5	4	5	2	3	1	4	5	5	2	2	3	3	3				mejorar ventilacion, mejorar pasar el monoxido de los equipos
122	Sin personal a cargo	4. Operadores	EMPRESA CONTRATISTA MINERA	MINA	AESA								3	2	1	1	2	3	2	2	3	5	5	3	3	3	2	1	2	3	3	2	2	1	2	1	2	2	1	1	4	4				
123	Sin personal a cargo	4. Operadores	EMPRESA CONTRATISTA MINERA	MINA	AESA								2	4	3	5	4	4	4	3	3	5	4	5	1	4	4	5	4	3	4	4	4	3	3	5	4	2	2	4	3	3				Se requiere supervisión constante en el área de linea amarilla
124	Sin personal a cargo	4. Operadores	EMPRESA CONTRATISTA MINERA	MINA	AESA								2	3	4	2	2	3	1	1	2	4	4	4	4	4	4	3	3	2	3	4	3	1	4	2	3	3	3	3	3	3				Se requiere una reestruccturación en linea amarilla de personal operativo mas comunicación
125	Sin personal a cargo	4. Operadores	EMPRESA CONTRATISTA MINERA	MINA	AESA								3	5	2	2	2	2	3	2	3	5	4	5	3	2	2	2	2	2	4	2	2	2	2	4	3	3	2	2	3	3				
126	Sin personal a cargo	4. Operadores	EMPRESA CONTRATISTA MINERA	MINA	AESA								4	4	3	4	3	3	3	4	3	4	3	4	4	4	4	3	2	3	4	3	4	3	3	4	4	3	3	4	5	5				
127	Sin personal a cargo	4. Operadores	EMPRESA CONTRATISTA MINERA	MINA	AESA								5	1	1	1	1	1	1	1	1	5	1	1	1	5	5	5	1	1	1	1	5	5	1	1	5	1	1	1	5	5				
128	Sin personal a cargo	4. Operadores	EMPRESA CONTRATISTA MINERA	MINA	AESA								3	4	3	4	3	4	4	3	3	4	4	4	4	4	3	4	4	4	3	3	3	3	2	2	2	2	3	3	3	3				Las normas se deben cumplir tanto en compañia como en contrata
129	Con personal a cargo	2. Supervisores	EMPRESA CONTRATISTA MINERA	MINA	AESA								5	3	4	4	4	4	4	4	4	5	5	5	5	5	4	5	5	5	4	2	3	4	2	5	4	4	3	3	4	4				
130	Con personal a cargo	2. Supervisores	EMPRESA CONTRATISTA MINERA	MINA	AESA								3	2	2	4	4	4	4	4	5	5	5	5	4	5	4	2	4	4	4	1	3	4	2	4	4	4	2	2	5	5				
131	Sin personal a cargo	4. Operadores	EMPRESA CONTRATISTA MINERA	MINA	AESA								3	4	4	4	3	4	4	4	4	4	4	5	4	4	4	4	4	4	4	3	4	4	3	4	4	4	4	3	4	4				
132	Sin personal a cargo	4. Operadores	EMPRESA CONTRATISTA MINERA	MINA	AESA								4	3	4	4	4	4	4	4	5	5	4	5	4	4	4	4	4	3	4	3	3	3	3	4	3	4	3	2	3	3				
133	Sin personal a cargo	4. Operadores	EMPRESA CONTRATISTA MINERA	MINA	AESA								3	4	4	5	4	3	4	4	3	4	4	5	4	2	3	4	4	3	3	2	1	2	3	3	3	3	2	1	3	3				
134	Sin personal a cargo	4. Operadores	EMPRESA CONTRATISTA MINERA	MINA	AESA								4	3	5	3	4	5	4	5	5	5	4	5	3	4	4	5	4	3	4	3	4	3	4	2	3	3	4	4	3	3				
135	Sin personal a cargo	4. Operadores	EMPRESA CONTRATISTA MINERA	MINA	AESA								4	3	4	4	4	3	4	3	4	5	3	4	3	4	4	4	4	4	3	3	3	3	4	3	4	3	3	4	4	4				
136	Sin personal a cargo	4. Operadores	EMPRESA CONTRATISTA MINERA	MINA	AESA								4	3	3	3	3	3	3	2	3	3	3	3	3	4	3	3	3	4	3	5	3	3	3	3	1	3	2	3	3	3				
137	Sin personal a cargo	4. Operadores	EMPRESA CONTRATISTA MINERA	MINA	AESA								5	5	4	4	4	3	3	3	3	5	5	5	5	5	5	5	5	5	5	4	4	4	5	5	5	5	5	5	5	5				
138	Sin personal a cargo	4. Operadores	EMPRESA CONTRATISTA MINERA	MINA	AESA								4	4	5	4	4	4	4	5	5	5	5	5	4	5	4	4	4	4	4	4	4	4	4	5	4	4	4	3	4	4				
139	Sin personal a cargo	4. Operadores	EMPRESA CONTRATISTA MINERA	MINA	AESA								5	5	5	5	5	5	5	5	5	5	5	5	5	4	4	5	5	5	4	5	5	5	5	5	5	5	5	5	5	5				
140	Sin personal a cargo	4. Operadores	EMPRESA CONTRATISTA MINERA	MINA	AESA								5	4	5	5	5	5	5	5	5	5	5	5	4	4	5	5	5	5	5	5	4	5	5	4	5	4	5	5	5	5				
141	Sin personal a cargo	4. Operadores	EMPRESA CONTRATISTA MINERA	MINA	AESA								5	5	5	5	5	5	5	5	5	5	5	5	5	5	5	5	5	5	5	5	5	5	5	5	5	5	5	5	5	5				
142	Sin personal a cargo	4. Operadores	EMPRESA CONTRATISTA MINERA	MINA	AESA								5	5	5	4	5	5	5	5	4	5	5	5	5	5	5	5	5	5	5	5	5	5	5	5	5	5	5	5	5	5				
143	Sin personal a cargo	4. Operadores	EMPRESA CONTRATISTA MINERA	MINA	AESA								5	5	5	4	5	5	5	5	5	5	5	5	5	5	5	4	5	5	5	5	5	5	3	5	4	4	5	5	5	5				
144	Sin personal a cargo	4. Operadores	EMPRESA CONTRATISTA MINERA	MINA	AESA								4	3	3	4	4	4	3	4	4	5	4	5	5	4	4	5	4	4	3	3	3	4	4	4	3	3	3	3	3	3				
145	Sin personal a cargo	4. Operadores	EMPRESA CONTRATISTA MINERA	MINA	AESA								3	3	2	4	3	2	2	3	2	4	4	5	1	2	3	3	4	3	4	2	1	2	1	3	2	2	2	3	4	4				
146	Sin personal a cargo	4. Operadores	EMPRESA CONTRATISTA MINERA	MINA	AESA								2	2	2	2	3	3	3	3	3	3	5	3	3	3	3	3	3	3	3	1	3	1	3	3	3	3	3	3	4	4				Mejorar las propuestas de bienestar delos rrabajadores
147	Sin personal a cargo	4. Operadores	EMPRESA CONTRATISTA MINERA	MINA	AESA								3	2	4	3	4	4	3	4	3	4	3	5	4	4	4	4	4	4	2	3	3	3	3	4	3	3	3	2	4	4				
148	Sin personal a cargo	4. Operadores	EMPRESA CONTRATISTA MINERA	MINA	AESA								2	2	3	2	2	2	2	3	2	3	3	4	3	3	2	3	3	3	2	2	3	2	3	3	2	2	3	2	4	4				
149	Sin personal a cargo	4. Operadores	EMPRESA CONTRATISTA MINERA	MINA	AESA								4	2	2	3	2	2	2	1	2	4	3	5	4	5	4	5	3	3	2	4	2	4	4	4	2	3	3	3	1	1				
150	Sin personal a cargo	4. Operadores	EMPRESA CONTRATISTA MINERA	MINA	AESA								2	1	5	2	2	3	4	4	4	3	4	2	2	5	5	3	3	3	4	4	4	2	2	3	2	3	3	3	4	4				
151	Sin personal a cargo	4. Operadores	EMPRESA CONTRATISTA MINERA	MINA	AESA								2	3	5	5	4	4	4	4	5	5	5	5	3	3	4	4	4	4	5	4	4	5	5	5	5	5	5	5	5	5				
152	Sin personal a cargo	4. Operadores	EMPRESA CONTRATISTA MINERA	MINA	AESA								3	4	4	4	4	4	4	4	4	5	5	5	5	4	4	5	3	3	3	3	4	3	4	4	4	3	3	3	5	5				
153	Sin personal a cargo	4. Operadores	EMPRESA CONTRATISTA MINERA	MINA	AESA								3	3	4	4	4	4	4	4	3	3	3	5	3	3	4	3	3	3	4	2	3	3	3	4	3	3	3	3	4	4				
154	Sin personal a cargo	4. Operadores	EMPRESA CONTRATISTA MINERA	MINA	AESA								3	3	4	4	4	3	3	4	4	5	5	5	4	3	3	4	5	4	4	3	4	3	3	4	4	2	3	2	4	4				
155	Sin personal a cargo	4. Operadores	EMPRESA CONTRATISTA MINERA	MINA	AESA								3	3	2	2	2	2	2	4	2	3	5	5	5	2	2	4	5	4	5	4	3	3	3	3	3	4	2	2	5	5				
156	Sin personal a cargo	4. Operadores	EMPRESA CONTRATISTA MINERA	MINA	AESA								3	3	4	3	4	4	4	4	3	4	5	5	5	4	4	4	4	4	4	3	4	2	4	3	3	4	3	4	5	5				
157	Sin personal a cargo	4. Operadores	EMPRESA CONTRATISTA MINERA	MINA	AESA								3	4	3	3	4	4	3	4	4	5	4	5	4	4	4	4	4	4	3	3	2	3	3	4	4	4	4	3	3	3				
158	Sin personal a cargo	4. Operadores	EMPRESA CONTRATISTA MINERA	MINA	AESA								2	2	2	2	3	3	3	2	3	5	5	5	3	2	3	2	3	3	4	4	3	3	4	3	3	3	3	3	5	5				
159	Sin personal a cargo	4. Operadores	EMPRESA CONTRATISTA MINERA	MINA	AESA								4	3	3	4	3	2	3	4	3	4	5	5	4	4	4	3	3	2	3	4	3	3	4	2	3	4	3	2	5	5				
160	Sin personal a cargo	4. Operadores	EMPRESA CONTRATISTA MINERA	MINA	AESA								3	3	2	3	3	2	3	3	2	4	4	5	4	5	4	4	5	4	4	3	4	4	4	4	3	3	3	2	4	4				
161	Sin personal a cargo	4. Operadores	EMPRESA CONTRATISTA MINERA	MINA	AESA								4	4	4	3	4	3	3	4	5	5	5	5	5	5	4	4	4	4	4	5	5	5	4	4	5	5	4	4	4	4				
162	Sin personal a cargo	4. Operadores	EMPRESA CONTRATISTA MINERA	MINA	AESA								2	1	3	1	1	1	2	2	1	2	3	5	1	2	3	1	2	2	3	1	2	2	1	4	3	3	2	1	4	4				
163	Sin personal a cargo	4. Operadores	EMPRESA CONTRATISTA MINERA	MINA	AESA								3	3	2	1	2	3	2	3	3	2	4	5	4	4	4	3	3	3	3	2	1	3	2	5	3	1	3	1	3	3				
164	Sin personal a cargo	4. Operadores	EMPRESA CONTRATISTA MINERA	MINA	AESA								2	2	3	2	3	3	3	3	3	4	4	5	3	4	3	3	3	3	4	3	3	3	3	3	3	3	3	3	4	4				Que los supervisores lleven curso de liderazgo y psicologia laboral
165	Sin personal a cargo	4. Operadores	EMPRESA CONTRATISTA MINERA	MINA	AESA								3	2	4	4	4	4	3	3	3	5	5	5	4	5	4	4	4	4	4	3	3	4	3	5	4	4	3	3	5	5				
166	Sin personal a cargo	4. Operadores	EMPRESA CONTRATISTA MINERA	MINA	AESA								4	5	4	5	4	5	5	4	4	5	5	5	5	5	4	5	5	5	5	5	5	4	4	5	5	5	4	5	5	5				
167	Sin personal a cargo	4. Operadores	EMPRESA CONTRATISTA MINERA	MINA	AESA								2	2	4	2	2	2	2	2	2	5	5	5	5	4	3	2	2	3	2	2	1	2	3	4	2	3	1	2	5	5				El peligro esta en todos lados es importante la informacion y experiencia
168	Sin personal a cargo	4. Operadores	EMPRESA CONTRATISTA MINERA	MINA	AESA								3	5	4	5	5	5	5	4	4	5	5	5	5	5	5	5	5	5	5	5	5	5	5	5	5	4	4	4	5	5				En una auditoria deberia ser todo transparente no ocultar condiciones de trabajo
169	Sin personal a cargo	4. Operadores	EMPRESA CONTRATISTA MINERA	MINA	AESA								4	3	4	4	4	5	4	4	3	5	4	4	4	4	4	4	5	4	4	4	4	3	4	4	5	4	4	5	5	5				Hacer seguimiento estricto a los supervisores que cumplan los procedimientos
170	Sin personal a cargo	4. Operadores	EMPRESA CONTRATISTA MINERA	MINA	AESA								2	4	3	4	4	4	3	3	4	5	5	5	4	5	5	5	5	4	5	1	3	1	4	5	5	2	2	3	3	3				Por mi parte solicito mas visitas del área de seguridad al area linea amarilla
171	Sin personal a cargo	4. Operadores	EMPRESA CONTRATISTA MINERA	MINA	AESA								2	2	4	5	5	5	4	5	5	5	5	5	4	5	5	5	5	5	4	3	3	4	2	5	2	5	3	2	5	5				
172	Sin personal a cargo	4. Operadores	EMPRESA CONTRATISTA MINERA	MINA	AESA								3	3	3	3	2	2	3	3	2	4	4	5	3	3	3	3	3	3	4	3	3	4	2	4	4	4	3	3	4	4				
173	Sin personal a cargo	4. Operadores	EMPRESA CONTRATISTA MINERA	MINA	AESA								2	3	3	3	3	3	2	3	3	4	5	5	4	4	4	3	3	3	4	3	3	3	2	3	2	3	2	2	5	5				
174	Sin personal a cargo	4. Operadores	EMPRESA CONTRATISTA MINERA	MINA	AESA								1	1	3	4	1	1	1	3	1	4	5	5	5	2	2	2	2	3	4	3	2	2	1	1	2	2	3	2	2	2				
175	Sin personal a cargo	4. Operadores	EMPRESA CONTRATISTA MINERA	MINA	AESA								2	3	3	3	2	4	3	4	3	4	3	4	3	4	3	3	3	3	4	3	4	3	4	3	4	3	3	4	3	3				
176	Sin personal a cargo	4. Operadores	EMPRESA CONTRATISTA MINERA	MINA	AESA								3	2	3	3	3	3	3	3	3	2	3	5	4	3	3	3	3	2	2	2	3	3	3	3	3	3	3	3	3	3				
177	Sin personal a cargo	4. Operadores	EMPRESA CONTRATISTA MINERA	MINA	AESA								3	2	3	3	3	4	4	4	4	4	4	3	3	3	4	4	3	3	4	4	4	4	4	4	3	4	3	4	3	3				
178	Sin personal a cargo	4. Operadores	EMPRESA CONTRATISTA MINERA	MINA	AESA								2	2	2	3	2	2	2	3	2	3	3	5	3	3	3	3	3	3	2	3	2	3	2	3	3	3	2	3	2	2				mas compromiso en seguridad
179	Sin personal a cargo	4. Operadores	EMPRESA CONTRATISTA MINERA	MINA	AESA								2	3	2	2	3	2	3	2	2	2	2	2	2	3	3	2	2	2	3	2	3	2	2	2	2	2	3	2	5	5				
180	Sin personal a cargo	4. Operadores	EMPRESA CONTRATISTA MINERA	MINA	AESA								2	2	3	3	3	3	3	1	2	4	4	3	3	3	3	3	3	3	4	1	3	2	1	3	2	2	3	3	5	5				
181	Sin personal a cargo	4. Operadores	EMPRESA CONTRATISTA MINERA	MINA	AESA								2	2	3	2	3	3	3	3	2	2	3	3	3	4	3	2	3	3	3	3	3	3	3	3	3	3	3	3	3	3				
182	Sin personal a cargo	4. Operadores	EMPRESA CONTRATISTA MINERA	MINA	AESA								2	2	1	1	2	1	2	2	2	2	3	2	3	5	2	2	2	1	2	2	3	2	1	1	3	1	2	1	1	1				
183	Sin personal a cargo	4. Operadores	EMPRESA CONTRATISTA MINERA	MINA	AESA								1	1	1	1	1	1	1	1	1	1	5	5	5	4	4	4	2	2	2	2	2	2	2	1	1	1	2	2	5	5				
184	Sin personal a cargo	4. Operadores	EMPRESA CONTRATISTA MINERA	MINA	AESA								1	3	3	2	3	2	2	2	2	3	2	3	4	4	3	3	1	2	2	3	3	3	3	2	2	2	2	3	3	3				
185	Sin personal a cargo	4. Operadores	EMPRESA CONTRATISTA MINERA	MINA	AESA								3	3	3	3	3	3	3	3	3	3	3	3	3	3	3	3	3	3	3	3	2	3	3	2	3	3	3	3	2	2				
186	Sin personal a cargo	4. Operadores	EMPRESA CONTRATISTA MINERA	MINA	AESA								2	3	2	2	3	2	2	3	4	5	5	5	4	3	3	2	5	1	3	2	3	2	2	3	4	2	3	1	5	5				
187	Sin personal a cargo	4. Operadores	EMPRESA CONTRATISTA MINERA	MINA	AESA								3	4	5	4	4	4	3	3	4	5	5	5	4	4	5	4	4	4	3	3	4	3	2	4	3	3	4	4	5	5				
188	Sin personal a cargo	4. Operadores	EMPRESA CONTRATISTA MINERA	MINA	AESA								3	2	2	3	3	3	2	3	3	3	4	5	4	4	4	3	4	3	4	3	4	4	3	3	3	4	3	2	4	4				
189	Sin personal a cargo	4. Operadores	EMPRESA CONTRATISTA MINERA	MINA	AESA								2	2	3	2	1	2	2	3	4	2	2	5	1	3	2	3	2	1	3	1	2	3	2	3	2	3	2	2	5	5				
190	Sin personal a cargo	4. Operadores	EMPRESA CONTRATISTA MINERA	MINA	AESA								2	2	3	2	2	2	1	1	2	4	4	4	4	3	2	2	2	3	3	2	2	3	2	3	2	3	3	2	2	2				Mejorar en capacitación
191	Sin personal a cargo	4. Operadores	EMPRESA CONTRATISTA MINERA	MINA	AESA								1	2	1	2	2	1	1	1	2	2	2	2	2	2	1	1	5	5	5	5	5	5	5	5	5	5	5	5	5	5				
192	Sin personal a cargo	4. Operadores	EMPRESA CONTRATISTA MINERA	MINA	AESA								3	3	4	4	2	3	3	3	3	5	3	5	5	4	4	5	3	4	4	3	3	3	4	4	4	4	4	4	5	5				
193	Sin personal a cargo	4. Operadores	EMPRESA CONTRATISTA MINERA	MINA	AESA								2	4	5	4	4	4	4	4	5	5	5	5	4	5	5	2	4	2	3	4	4	2	5	4	4	4	4	4	5	5				Siempre evaluamos los riesgos
194	Sin personal a cargo	4. Operadores	EMPRESA CONTRATISTA MINERA	MINA	AESA								2	1	3	3	4	4	3	3	2	5	5	5	5	4	3	3	3	2	3	3	3	3	1	2	2	3	2	3	5	5				
195	Sin personal a cargo	4. Operadores	EMPRESA CONTRATISTA MINERA	MINA	AESA								4	4	3	4	4	4	3	4	3	5	5	5	5	5	5	4	5	4	5	4	4	4	3	4	5	5	4	4	5	5				
196	Sin personal a cargo	4. Operadores	EMPRESA CONTRATISTA MINERA	MINA	AESA								2	1	1	1	2	3	5	5	5	3	3	5	5	5	5	4	5	5	3	3	3	3	3	3	3	3	3	3	3	3				
197	Sin personal a cargo	4. Operadores	EMPRESA CONTRATISTA MINERA	MINA	AESA								2	3	4	3	3	2	2	3	2	5	5	5	2	5	3	2	3	2	4	2	3	2	3	4	4	3	3	3	4	4				
198	Sin personal a cargo	4. Operadores	EMPRESA CONTRATISTA MINERA	MINA	AESA								5	3	2	2	2	3	3	3	1	5	5	5	4	5	4	2	3	4	3	1	4	4	1	3	2	3	3	2	4	4				
199	Sin personal a cargo	4. Operadores	EMPRESA CONTRATISTA MINERA	MINA	AESA								3	3	4	3	2	3	2	3	2	4	4	5	5	4	4	4	4	3	4	3	2	2	3	3	3	4	3	4	5	5				
200	Sin personal a cargo	4. Operadores	EMPRESA CONTRATISTA MINERA	MINA	AESA								3	3	3	5	4	5	4	5	3	5	5	3	5	5	4	5	5	5	4	5	5	4	5	2	2	2	2	2	5	5				Capacitaciones
201	Sin personal a cargo	4. Operadores	EMPRESA CONTRATISTA MINERA	MINA	AESA								2	2	2	2	3	2	2	4	4	5	5	5	3	2	2	2	4	2	2	3	2	2	2	2	2	2	2	2	5	5				
202	Sin personal a cargo	4. Operadores	EMPRESA CONTRATISTA MINERA	MINA	AESA								2	2	2	2	2	2	2	2	2	2	2	2	2	2	2	2	2	2	2	2	2	2		2	2	2	2		2	2				
203	Sin personal a cargo	4. Operadores	EMPRESA CONTRATISTA MINERA	MINA	AESA								2	2	2	2	2	2	2	2	2	3	2	2	2	2	2	2	2	3	2	2	2	2	2	2	2	2	2	2	3	3				
204	Sin personal a cargo	4. Operadores	EMPRESA CONTRATISTA MINERA	MINA	AESA								4	3	4	4	4	4	4	4	4	5	5	5	4	4	4	4	4	4	5	4	4	4	3	3	4	4	4	4	5	5				
205	Sin personal a cargo	4. Operadores	EMPRESA CONTRATISTA MINERA	MINA	AESA								5	5	5	5	5	4	4	4	5	5	5	5	4	4	5	5	5	5	5	5	5	5	5	5	5	5	5	5	5	5				
206	Sin personal a cargo	4. Operadores	EMPRESA CONTRATISTA MINERA	MINA	AESA								2	4	3	4	4	5	4	4	4	1	5	5	4	5	5	5	5	4	5	4	2	5	5	5	5	5	4	5	5	5				
207	Sin personal a cargo	4. Operadores	EMPRESA CONTRATISTA MINERA	MINA	AESA								2	2	2	3	3	2	2	2	2	4	5	5	5	5	5	3	2	2	2	2	3	2	2	2	2	2	3	2	5	5				
208	Sin personal a cargo	4. Operadores	EMPRESA CONTRATISTA MINERA	MINA	AESA								2	2	2	3	3	2	2	2	2	4	5	5	5	5	5	3	2	2	2	2	2	2	3	2	2	2	3	2	2	2				
209	Sin personal a cargo	4. Operadores	EMPRESA CONTRATISTA MINERA	MINA	AESA								3	3	3	3	3	3	3	3	3	3	3	5	3	5	3	3	3	3	3	3	3	3	3	3	3	3	3	3	3	3				
210	Sin personal a cargo	4. Operadores	EMPRESA CONTRATISTA MINERA	MINA	AESA								1	2	3	3	2	2	2	3	4	3	2	3	2	4	4	4	4	3	2	1	2	2	4	3	4	4	4	3	3	3				
211	Sin personal a cargo	4. Operadores	EMPRESA CONTRATISTA MINERA	MINA	AESA								2	2	3	2	3	3	2	2	3	4	4	5	3	5	5	2	4	3	3	1	4	3	2	3	2	2	4	3	3	3				
212	Sin personal a cargo	4. Operadores	EMPRESA CONTRATISTA MINERA	MINA	AESA								3	4	4	4	4	4	3	4	4	5	4	5	3	4	3	3	4	2	3	3	2	3	4	4	3	4	3	3	5	5				
213	Sin personal a cargo	4. Operadores	EMPRESA CONTRATISTA MINERA	MINA	AESA								2	2	2	2	2	2	2	2	2	5	5	5	2	2	2	2	2	2	2	1	2	2	2	3	2	2	2	2	5	5				
214	Sin personal a cargo	4. Operadores	EMPRESA CONTRATISTA MINERA	MINA	AESA								5	5	5	5	5	5	5	5	5	5	5	5	5	5	5	5	5	5	5	5	5	5	5	5	5	5	5	5	5	5				
215	Sin personal a cargo	4. Operadores	EMPRESA CONTRATISTA MINERA	MINA	AESA								3	3	3	4	3	3	4	4	4	5	5	5	4	4	3	4	4	3	4	3	3	3	3	4	3	3	3	3	4	4				
216	Sin personal a cargo	4. Operadores	EMPRESA CONTRATISTA MINERA	MINA	AESA								2	1	2	3	2	3	3	5	3	5	5	5	5	5	5	2	2	3	4	1	2	1	1	5	5	1	1	1	2	2				
217	Sin personal a cargo	4. Operadores	EMPRESA CONTRATISTA MINERA	MINA	AESA								4	4	4	5	2	3	3	3	4	5	2	5	5	4	4	2	2	2	4	1	2	3	1	2	2	1	1	1	1	1				
218	Sin personal a cargo	4. Operadores	EMPRESA CONTRATISTA MINERA	MINA	AESA								1	1	4	2	4	4	2	3	3	5	5	5	3	5	5	5	5	3	5	5	5	3	1	5	1	2	2	3	5	5				
219	Sin personal a cargo	4. Operadores	TITULAR MINERO	SSOMA	RAURA								4	4	5	4	4	4	5	5	4	4	4	5	5	5	5	5	4	5	5	5	4	5	5	5	5	5	5	5	4	4				Los productos de limpieza que tenemos almacenados y estan al alcance de los niños, ello puede generar quiza una intoxicación, por ello como control estamos optando guardar por precintos de seguridad o buscar un lugar mas adecuado
220	Sin personal a cargo	4. Operadores	EMPRESA CONTRATISTA MINERA	SSOMA	EESAC								4	4	3	4	4	4	4	4	4	5	5	5	5	5	5	5	5	5	4	4	5	4	4	5	5	5	5	4	4	4				La seguridad es un compromiso con coraje en el cual todos debemos involucrarnos
221	Sin personal a cargo	4. Operadores	EMPRESA CONTRATISTA MINERA	SSOMA	EESAC								3	3	3	4	3	3	3	4	2	4	4	5	2	5	4	5	3	3	3	3	4	4	3	3	2	2	2	2	5	5				Involucrar a todos los miembros incluyendo a los mas pequeños para que puedan aprender y colaborar en la prevención en casa
222	Con personal a cargo	2. Supervisores	TITULAR MINERO	SSOMA	RAURA								4	5	4	4	5	5	4	4	5	5	5	5	5	5	4	4	5	5	4	3	4	4	4	4	4	4	5	4	5	5				
223	Sin personal a cargo	4. Operadores	TITULAR MINERO	SSOMA	RAURA								2	3	2	2	2	2	2	3	2	4	5	5	3	3	2	3	3	3	4	3	3	2	2	3	4	4	3	2	2	2				En casa si dando soluciones comunes  pero lo mas complicado con tecnicos
224	Sin personal a cargo	4. Operadores	TITULAR MINERO	MINA	RAURA								4	3	3	4	4	4	4	4	4	5	5	5	3	3	3	4	4	4	4	4	5	4	3	4	4	4	4	4	3	3				Bajar corriendo las escaleras una vez identificado el riesgo evitarlo
225	Con personal a cargo	2. Supervisores	TITULAR MINERO	MINA	RAURA								3	4	4	5	4	5	5	4	5	4	5	5	5	3	5	5	4	4	3	4	4	5	3	4	3	4	4	4	5	5				Siempre en casa se realizan los trabajos con seguridad
226	Con personal a cargo	2. Supervisores	EMPRESA CONTRATISTA MINERA	MANTENIMIENTO	CONFIPETROL								4	4	5	5	5	5	5	5	5	5	5	5	5	5	5	5	5	5	5	5	5	5	5	5	5	4	5	5	5	5				Clasificación de residuos y como actuar en caso de sismos
227	Con personal a cargo	2. Supervisores	EMPRESA CONTRATISTA MINERA	MANTENIMIENTO	CONFIPETROL								3	3	4	4	3	4	3	3	4	5	4	5	4	5	4	4	4	4	4	3	4	3	3	4	4	4	4	3	4	4				En temblores tenemos rutas de evacuación
228	Sin personal a cargo	4. Operadores	EMPRESA CONTRATISTA MINERA	MANTENIMIENTO	CONFIPETROL								4	4	4	4	4	4	3	4	4	5	4	5	4	5	4	4	4	4	4	5	4	4	5	4	4	4	4	3	3	3				
229	Con personal a cargo	2. Supervisores	EMPRESA CONTRATISTA MINERA	MANTENIMIENTO	CONFIPETROL								4	4	3	4	4	4	3	4	4	4	5	5	3	4	3	3	4	4	5	4	4	4	3	5	4	4	4	4	3	3				Manipulacion de gases y productos quimicos
230	Sin personal a cargo	4. Operadores	EMPRESA CONTRATISTA MINERA	MANTENIMIENTO	CONFIPETROL								4	4	4	5	5	5	5	4	4	5	5	5	4	5	4	4	4	5	4	4	3	4	4	3	3	4	4	3	4	4				
231	Sin personal a cargo	4. Operadores	EMPRESA CONTRATISTA MINERA	MANTENIMIENTO	CONFIPETROL								3	4	4	4	4	3	3	4	4	4	5	5	4	5	5	5	4	4	4	4	4	5	5	5	5	5	4	5	5	5				
232	Sin personal a cargo	4. Operadores	EMPRESA CONTRATISTA MINERA	MANTENIMIENTO	CONFIPETROL								4	4	4	4	5	4	4	4	4	5	4	5	4	4	4	4	4	4	4	4	4	4	4	4	4	4	4	4	4	4				Se vigila cuando los pequeños hacen uso de un artefacto
233	Sin personal a cargo	4. Operadores	EMPRESA CONTRATISTA MINERA	MANTENIMIENTO	CONFIPETROL								4	4	5	4	4	4	4	4	4	5	4	5	4	4	4	4	4	3	4	4	4	4	4	3	3	4	4	3	3	3				
234	Sin personal a cargo	2. Asistentes	EMPRESA CONTRATISTA MINERA	MANTENIMIENTO	CONFIPETROL								4	5	4	4	4	5	5	5	5	5	5	4	5	5	4	4	5	4	4	5	4	5	5	5	4	5	4	5	5	5				
235	Sin personal a cargo	4. Operadores	EMPRESA CONTRATISTA MINERA	MANTENIMIENTO	CONFIPETROL								4	4	3	4	4	4	4	4	3	5	4	5	5	5	5	5	4	4	4	4	5	4	4	4	4	5	4	5	5	5				
236	Sin personal a cargo	1. Ingenieros	EMPRESA CONTRATISTA MINERA	MANTENIMIENTO	CONFIPETROL								4	5	4	4	4	4	4	4	4	4	5	5	5	4	4	4	5	4	4	4	4	4	4	4	4	4	4	4	4	4				
237	Con personal a cargo	1. Superintendentes	EMPRESA CONTRATISTA MINERA	MANTENIMIENTO	CONFIPETROL								5	4	3	5	5	5	4	4	5	5	5	5	5	5	4	5	5	5	5	4	5	5	5	5	5	5	5	4	5	5				Instalción de camaras de seguridad
238	Sin personal a cargo	1. Ingenieros	EMPRESA CONTRATISTA MINERA	MANTENIMIENTO	CONFIPETROL								4	4	3	4	5	3	4	4	4	3	4	5	5	5	5	5	3	4	4	4	4	2	1	2	4	3	3	3	4	4				Lo prendido lo aplico en mi hogar
239	Sin personal a cargo	4. Operadores	EMPRESA CONTRATISTA MINERA	MANTENIMIENTO	CONFIPETROL								4	4	4	3	4	3	4	4	3	3	3	5	4	4	3	3	3	3	4	2	3	3	2	4	3	4	3	3	5	5				
240	Con personal a cargo	1. Superintendentes	TITULAR MINERO	MANTENIMIENTO	RAURA								5	5	5	5	5	5		5	5	5	5	5	5	5	5	5	5	5	5	5	5	5	5	5	5	5	5	5	5	5				
241	Con personal a cargo	2. Supervisores	TITULAR MINERO	MANTENIMIENTO	RAURA								5	5	5	5	5	5	5	5	5	4	4	4	5	4	5	5	5	5	5	5	5	5	5	5	5	5	5	5	3	3				
242	Con personal a cargo	3. Jefes de Área	TITULAR MINERO	MANTENIMIENTO	RAURA								5	4	5	5	4	3	4	4	4	4	4	4	4	4	4	4	4	4	5	4	4	4	4	4	5	4	4	4	5	5				
243	Sin personal a cargo	4. Operadores	TITULAR MINERO	MANTENIMIENTO	RAURA								4	4	4	5	4	4	4	4	5	3	4	4	4	4	4	5	5	4	4	4	4	4	5	4	4	4	4	4	5	5				Mejorar le trabajo en seguridad
244	Con personal a cargo	3. Jefes de Área	TITULAR MINERO	MANTENIMIENTO	RAURA								4	4	3	4	4	4	3	4	4	4	4	4	5	4	4	4	5	5	5	5	5	5	5	5	5	4	4	4	4	4				
245	Sin personal a cargo	4. Operadores	TITULAR MINERO	MANTENIMIENTO	RAURA								3	4	4	4	3	4	4	4	3	4	4	5	3	4	5	3	5	4	4	4	4	4	4	5	4	4	4	3	3	3				En el área reforzar el programa Reconocimiento
246	Sin personal a cargo	4. Operadores	TITULAR MINERO	MANTENIMIENTO	RAURA								4	4	5	5	5	5	4	5	4	5	4	5	5	5	5	5	5	5	5	4	4	4	5	5	5	4	4	4	4	4				
247	Sin personal a cargo	4. Operadores	TITULAR MINERO	MANTENIMIENTO	RAURA								4	5	4	5	4	4	4	5	5	5	5	5	5	4	4	4	5	5	4	3	4	4	3	4	3	5	4	4	4	4				Promover campañas de Seguridad y respeto
248	Con personal a cargo	2. Jefes de Zona	TITULAR MINERO	MANTENIMIENTO	RAURA								4	4	4	4	4	5	4	4	4	5	5	5	4	5	5	4	5	5	4	5	4	4	4	3	5	4	4	4	4	4				Esta encuesta es buena licenciada para medir la percepción del trabajador
249	Sin personal a cargo	4. Operadores	TITULAR MINERO	MANTENIMIENTO	RAURA								4	3	4	4	3	4	3	4	4	3	4	4	4	4	4	3	4	5	3	4	3	4	4	4	4	5	3	3	4	4				
250	Con personal a cargo	3. Jefes de Área	TITULAR MINERO	MANTENIMIENTO	RAURA								4	3	4	4	5	5	4	4	4	4	5	5	4	4	5	4	5	4	4	4	3	4	5	4	4	4	4	4	4	4				Se sugiere que las actividades yv control de riesgos sean revisadas constantemente en campo
251	Con personal a cargo	2. Supervisores	EMPRESA CONTRATISTA MINERA	SEGURIDAD PATRIMONIAL	J & V RESGUARDO								5	5	3	4	4	4	5	5	5	5	4	5	5	5	3	4	4	4	4	4	4	4	3	4	4	5	4	5	5	5				
252	Sin personal a cargo	4. Operadores	EMPRESA CONTRATISTA MINERA	SEGURIDAD PATRIMONIAL	J & V RESGUARDO								3	4	4	5	5	4	5	4	4	5	5	5	5	4	4	4	4	5	5	4	5	4	5	5	5	5	4	4	5	5				
253	Sin personal a cargo	4. Operadores	EMPRESA CONTRATISTA MINERA	SEGURIDAD PATRIMONIAL	J & V RESGUARDO								4	5	4	5	5	5	5	5	5	5	5	5	5	5	5	5	5	5	5	5	5	5	5	5	5	5	5	5	4	4				El personal de sindicato baja a sus convenios para incumplir los procedimientos
254	Sin personal a cargo	4. Operadores	EMPRESA CONTRATISTA MINERA	SEGURIDAD PATRIMONIAL	J & V RESGUARDO								3	4	3	4	4	4	4	4	3	2	4	5	4	4	4	2	3	3	3	3	3	3	2	4	3	4	4	2	5	5				Realizar mejoras en el ambiente del hogar por bienestar familiar y mejorar calidad de vida
255	Sin personal a cargo	4. Operadores	EMPRESA CONTRATISTA MINERA	SEGURIDAD PATRIMONIAL	J & V RESGUARDO								3	3	4	4	3	3	3	3	4	4	4	4	4	4	4	4	4	4	4	5	5	5	5	5	4	5	4	4	5	5				
256	Sin personal a cargo	4. Operadores	EMPRESA CONTRATISTA MINERA	SEGURIDAD PATRIMONIAL	J & V RESGUARDO								4	3	5	5	5	5	4	4	5	5	3	5	5	4	3	5	4	5	3	3	3	5	5	5	5	4	3	3	5	5				
257	Sin personal a cargo	4. Operadores	EMPRESA CONTRATISTA MINERA	SEGURIDAD PATRIMONIAL	J & V RESGUARDO								5	5	5	5	5	5	5	5	5	5	4	5	5	5	5	5	4	5	3	3	3	4	3	4	3	5	5	5	5	5				
258	Sin personal a cargo	4. Operadores	EMPRESA CONTRATISTA MINERA	SEGURIDAD PATRIMONIAL	J & V RESGUARDO								4	4	4	4	4	4	4	4	4	5	5	5	4	4	4	4	4	4	4	4	4	4	4	4	4	4	4	4	5	5				
259	Sin personal a cargo	4. Operadores	EMPRESA CONTRATISTA MINERA	SEGURIDAD PATRIMONIAL	J & V RESGUARDO								5	5	5	5	5	5	5	5	5	5	5	5	5	5	5	5	4	4	2	4	4	1	4	5	4	5	5	5	5	5				
260	Sin personal a cargo	4. Operadores	EMPRESA CONTRATISTA MINERA	SEGURIDAD PATRIMONIAL	J & V RESGUARDO								5	5	5	5	5	5	5	5	5	5	5	5	5	5	3	5	5	5	3	5	5	3	5	5	5	5	5	5	3	3				
261	Sin personal a cargo	4. Operadores	EMPRESA CONTRATISTA MINERA	SEGURIDAD PATRIMONIAL	J & V RESGUARDO								3	4	4	4	4	4	5	4	4	5	5	5	4	5	4	4	5	4	4	3	4	3	3	3	3	3	3	3	4	4				Personal cia deberia cumplir los procedimientos
262	Con personal a cargo	2. Supervisores	EMPRESA CONTRATISTA MINERA	SEGURIDAD PATRIMONIAL	J & V RESGUARDO								3	4	4	4	4	4	4	5	4	5	4	5	5	4	3	4	5	4	5	4	4	3	5	4	4	5	4	4	5	5				
263	Sin personal a cargo	4. Operadores	EMPRESA CONTRATISTA MINERA	SEGURIDAD PATRIMONIAL	J & V RESGUARDO								5	5	4	5	5	5	4	5	4	5	5	5	5	5	4	5	4	5	5	4	5	4	4	4	5	5	5	4	4	4				
264	Sin personal a cargo	4. Operadores	EMPRESA CONTRATISTA MINERA	SEGURIDAD PATRIMONIAL	J & V RESGUARDO								3	4	4	5	5	5	4	4	3	5	3	5	5	5	3	5	5	4	4	3	3	5	3	5	4	4	3	3	3	3				
265	Sin personal a cargo	4. Operadores	EMPRESA CONTRATISTA MINERA	SEGURIDAD PATRIMONIAL	J & V RESGUARDO								5	5	5	5	5	5	5	5	5	5	5	5	5	5	4	5	5	5	3	5	5	5	3	5	5	5	5	5	4	4				
266	Sin personal a cargo	4. Operadores	EMPRESA CONTRATISTA MINERA	SEGURIDAD PATRIMONIAL	J & V RESGUARDO								5	5	5	5	5	5	5	5	5	5	5	5	5	5	3	5	5	5	3	5	5	5	3	5	5	5	5	5	3	3				IDENTIFICAR PELGROS
267	Sin personal a cargo	4. Operadores	EMPRESA CONTRATISTA MINERA	SEGURIDAD PATRIMONIAL	J & V RESGUARDO								1	3	3	4	5	5	5	5	5	5	5	5	5	5	5	5	3	3	3	4	4	3	2	5	4	5	5	5	5	5				
268	Sin personal a cargo	4. Operadores	EMPRESA CONTRATISTA MINERA	SEGURIDAD PATRIMONIAL	J & V RESGUARDO								4	5	4	4	5	5	5	5	4	5	5	5	5	5	4	5	4	4	4	4	4	4	4	4	4	4	4	4	5	5				
269	Sin personal a cargo	4. Operadores	EMPRESA CONTRATISTA MINERA	SEGURIDAD PATRIMONIAL	J & V RESGUARDO								5	5	5	5	5	5	5	5	5	5	5	5	5	5	5	5	5	5	5	5	5	5	5	5	5	5	5	5	5	5				
270	Sin personal a cargo	4. Operadores	EMPRESA CONTRATISTA MINERA	SEGURIDAD PATRIMONIAL	J & V RESGUARDO								4	5	4	5	4	5	4	5	4	4	4	5	4	5	4	5	4	5	5	4	5	4	5	4	5	4	5	4	4	4				
271	Sin personal a cargo	4. Operadores	EMPRESA CONTRATISTA MINERA	SEGURIDAD PATRIMONIAL	J & V RESGUARDO								4	3	3	4	4	5	5	4	4	4	5	4	3	4	4	4	5	4	4	3	4	4	4	4	3	4	4	4	5	5				
272	Sin personal a cargo	4. Operadores	EMPRESA CONTRATISTA MINERA	SEGURIDAD PATRIMONIAL	J & V RESGUARDO								4	3	3	3	3	3	4	3	4	3	4	2	2	4	4	4	4	3	4	3	4	3	4	3	4	3	4	5	5	5				
273	Sin personal a cargo	4. Operadores	EMPRESA CONTRATISTA MINERA	SEGURIDAD PATRIMONIAL	J & V RESGUARDO								5	5	5	5	5	5	5	5	5	5	5	5	5	4	3	5	5	5	3	3	3	2	4	5	5	4	3	4	3	3				
274	Sin personal a cargo	4. Operadores	EMPRESA CONTRATISTA MINERA	SEGURIDAD PATRIMONIAL	J & V RESGUARDO								3	4	3	4	4	4	3	4	4	5	5	5	4	4	4	4	5	5	4	3	3	3	2	5	4	4	4	4	4	4				
275	Sin personal a cargo	4. Operadores	EMPRESA CONTRATISTA MINERA	SEGURIDAD PATRIMONIAL	J & V RESGUARDO								5	5	3	5	5	5	5	5	5	5	5	5	5	5	5	5	5	5	5	5	5	5	5	5	5	5	5	5	5	5				
276	Sin personal a cargo	4. Operadores	EMPRESA CONTRATISTA MINERA	SEGURIDAD PATRIMONIAL	J & V RESGUARDO								5	5	5	5	5	5	4	4	4	3	5	5	5	4	4	4	4	4	4	3	3	4	4	5	4	5	4	2	1	1				
277	Sin personal a cargo	4. Operadores	EMPRESA CONTRATISTA MINERA	SEGURIDAD PATRIMONIAL	J & V RESGUARDO								1	3	3	4	5	5	5	5	5	2	5	5	5	5	5	5	5	5	5	5	5	5	5	5	5	5	5	5	5	5				
278	Sin personal a cargo	4. Operadores	EMPRESA CONTRATISTA MINERA	SEGURIDAD PATRIMONIAL	J & V RESGUARDO								5	4	5	4	5	5	4	5	5	3	3	5	5	5	5	5	5	4	5	4	5	5	5	4	5	4	5	5	5	5				
279	Sin personal a cargo	4. Operadores	EMPRESA CONTRATISTA MINERA	SEGURIDAD PATRIMONIAL	J & V RESGUARDO								2	2	3	3	3	3	3	3	3	2	3	5	4	3	3	5	3	3	3	4	4	3	2	5	4	5	5	5	5	5				
280	Sin personal a cargo	4. Operadores	EMPRESA CONTRATISTA MINERA	SEGURIDAD PATRIMONIAL	J & V RESGUARDO								5	5	5	5	5	5	5	5	5	5	5	5	5	5	5	5	5	5	4	5	5	5	5	5	5	5	5	5	5	5				
281	Sin personal a cargo	4. Operadores	EMPRESA CONTRATISTA MINERA	SEGURIDAD PATRIMONIAL	J & V RESGUARDO								5	5	5	5	5	5	4	4	5	4	4	5	5	4	4	4	4	4	4	3	3	3	2	4	4	5	5	4	1	1				
282	Sin personal a cargo	4. Operadores	EMPRESA CONTRATISTA MINERA	SEGURIDAD PATRIMONIAL	J & V RESGUARDO								5	5	5	5	5	5	5	5	5	5	5	5	5	5	5	5	5	5	4	5	5	5	5	5	5	5	5	5	5	5				
283	Sin personal a cargo	4. Operadores	EMPRESA CONTRATISTA MINERA	SEGURIDAD PATRIMONIAL	J & V RESGUARDO								5	5	5	5	5	5	5	5	5	5	5	5	5	5	5	5	5	4	5	5	5	5	5	5	5	5	5	5	5	5				
284	Sin personal a cargo	4. Operadores	EMPRESA CONTRATISTA MINERA	SEGURIDAD PATRIMONIAL	J & V RESGUARDO								4	4	3	3	4	4	3	3	3	4	3	3	4	4	3	3	3	3	4	3	3	4	4	3	3	4	3	3	5	5				
285	Sin personal a cargo	4. Operadores	EMPRESA CONTRATISTA MINERA	SEGURIDAD PATRIMONIAL	J & V RESGUARDO								4	3	5	5	5	5	4	4	5	5	3	5	5	4	3	5	4	5	3	3	3	5	5	5	5	4	3	3	5	5				
286	Sin personal a cargo	4. Operadores	EMPRESA CONTRATISTA MINERA	SEGURIDAD PATRIMONIAL	J & V RESGUARDO								3	4	5	3	4	4	4	4	5	5	3	5	5	5	5	3	4	4	3	3	4	3	2	4	3	4	3	3	3	3				
287	Con personal a cargo	2. Jefes de Zona	TITULAR MINERO	MINA	RAURA								5	4	4	5	5	5	5	5	4	5	5	5	4	5	4	5	5	5	4	3	4	5	4	3	4	5	4	4	5	5				Tomo controles en casa si identifico un peligro
288	Sin personal a cargo	4. Operadores	EMPRESA CONTRATISTA MINERA	RRHH	NEWREST								5	3	5	5	5	5	3	5	5	5	5	5	5	5	5	5	5	5	5	3	3	3	5	5	5	5	3	3	5	5				Usar los tres puntos de apoyo
289	Sin personal a cargo	4. Operadores	EMPRESA CONTRATISTA MINERA	RRHH	NEWREST								5	3	1	3	2	4	3	3	2	5	2	5	4	5	4	5	4	3	2	1	3	3	5	5	4	3	5	5	5	5				Siempre uso cituron de seguridad
290	Sin personal a cargo	4. Operadores	EMPRESA CONTRATISTA MINERA	RRHH	NEWREST								5	4	5	5	5	5	5	4	5	5	5	5	5	5	5	4	5	4	4	3	3	3	4	4	4	5	4	4	5	5				Usamos el cinturon de seguridad
291	Sin personal a cargo	4. Operadores	EMPRESA CONTRATISTA MINERA	RRHH	NEWREST								5	3	5	5	5	5	4	5	5	5	5	5	5	5	4	4	5	4	5	3	4	4	5	4	4	5	4	4	5	5				Para cargar cosas muy pesadas se sugiere apoyar
292	Sin personal a cargo	2. Asistentes	EMPRESA CONTRATISTA MINERA	RRHH	NEWREST								3	2	3	3	3	3	3	3	3	3	3	4	3	3	3	3	3	3	3	3	3	3	3	2	3	4	3	3	3	3				Tnego mochila de emergencia , aplico los tres puntos de apoyo
293	Sin personal a cargo	2. Asistentes	EMPRESA CONTRATISTA MINERA	RRHH	NEWREST								5	4	5	4	4	5	4	5	5	4	5	5	4	5	5	5	5	5	4	4	4	4	5	5	5	4	5	3	4	4				Tnego botiquin en caso de emergencia
294	Sin personal a cargo	2. Asistentes	EMPRESA CONTRATISTA MINERA	RRHH	NEWREST								4	5	5	5	5	5	5	5	5	5	5	5	5	5	5	5	5	5	4	5	5	5	5	5	5	5	5	5	5	5				Hablo con mi familia de los 3 puntos de apoyo
295	Con personal a cargo	2. Supervisores	EMPRESA CONTRATISTA MINERA	RRHH	NEWREST								4	4	4	3	4	4	3	3	4	4	4	4	4	4	4	4	4	3	4	4	4	4	4	3	4	4	4	4	4	4				Coloque barandas en el servicio higienico para que mi familia puede agarrarse ya que tiene dificultad para movilizarse
296	Con personal a cargo	2. Supervisores	EMPRESA CONTRATISTA MINERA	RRHH	NEWREST								4	4	4	3	3	3	4	3	4	4	4	5	3	4	4	3	4	3	4	3	4	4	4	4	4	4	4	3	3	3				
297	Sin personal a cargo	2. Asistentes	EMPRESA CONTRATISTA MINERA	RRHH	NEWREST								4	4	3	3	4	4	4	3	4	4	4	5	4	4	4	4	4	4	4	3	4	4	4	4	4	4	4	4	3	3				
298	Sin personal a cargo	4. Operadores	EMPRESA CONTRATISTA MINERA	RRHH	NEWREST								2	2	2	3	5	5	2	5	5	5	5	5	5	5	2	5	5	2	5	3	3	5	3	5	5	5	5	5	5	5				
299	Sin personal a cargo	4. Operadores	EMPRESA CONTRATISTA MINERA	RRHH	NEWREST								4	3	4	5	5	4	4	4	5	5	4	4	5	4	4	5	5	4	4	4	4	3	4	4	4	4	4	4	1	1				
300	Sin personal a cargo	4. Operadores	EMPRESA CONTRATISTA MINERA	RRHH	NEWREST								2	2	2	2	2	2	2	2	2	5	5	2	1	2	2	1	1	1	2	1	2	2	2	1	1	2	2	2	3	3				
301	Sin personal a cargo	4. Operadores	EMPRESA CONTRATISTA MINERA	RRHH	NEWREST								5	5	5	5	5	5	5	5	5	5	5	5	5	5	5	5	5	5	5	5	5	5	5	5	5	5	5	5	5	5				NO TIENE LOS TRES PUNTOS DE APOYO MIS ESCALERAS
302	Sin personal a cargo	4. Operadores	EMPRESA CONTRATISTA MINERA	RRHH	NEWREST								4	4	4	5	5	5	5	3	5	5	5	5	5	3	3	5	3	4	4	5	3	4	4	4	4	3	4	4	1	1				Bueno mi hogar se mantiene seguro libre de peligros
303	Sin personal a cargo	4. Operadores	EMPRESA CONTRATISTA MINERA	RRHH	NEWREST								4	4	4	4	4	4	3	4	3	3	4	5	4	4	4	4	4	4	3	2	4	3	4	4	4	4	4	4	3	3				En casa identifique inadecuada iluminación en algunas zonas
304	Sin personal a cargo	4. Operadores	EMPRESA CONTRATISTA MINERA	RRHH	NEWREST								5	5	4	5	5	5	5	5	5	5	5	5	5	5	4	5	5	5	5	5	5	5	5	5	5	5	5	5	5	5				MI casa es un ambiente seguro
305	Sin personal a cargo	4. Operadores	EMPRESA CONTRATISTA MINERA	RRHH	NEWREST								4	5	5	5	4	5	5	5	5	3	1	5	5	5	5	5	3	3	3	4	4	4	4	5	5	5	5	5	2	2				
306	Sin personal a cargo	4. Operadores	EMPRESA CONTRATISTA MINERA	RRHH	NEWREST								4	3	4	3	4	4	4	3	4	2	2	5	4	3	4	5	3	3	4	3	3	3	4	3	4	4	4	3	2	2				
307	Sin personal a cargo	4. Operadores	EMPRESA CONTRATISTA MINERA	RRHH	NEWREST								4	4	4	4	5	4	4	5	5	4	4	5	4	5	4	5	4	4	4	4	4	4	5	5	5	5	4	4	3	3				Mi casa es segura
308	Sin personal a cargo	4. Operadores	EMPRESA CONTRATISTA MINERA	RRHH	NEWREST								5	4	5	5	5	4	5	5	4	5	4	5	5	5	5	5	4	4	5	4	5	5	5	5	5	5	5	4	5	5				mki casa se encuentra en instalaciones de agua, luz
309	Sin personal a cargo	4. Operadores	EMPRESA CONTRATISTA MINERA	RRHH	NEWREST								4	4	4	5	5	5	4	5	5	5	5	5	5	5	5	5	5	5	4	5	5	4	4	5	4	5	5	5	2	2				Mi casa esta en construccion y si hay peligros
310	Sin personal a cargo	4. Operadores	EMPRESA CONTRATISTA MINERA	RRHH	NEWREST								5	5	4	5	4	4	5	5	4	5	5	5	5	5	4	5	5	5	4	5	5	4	5	2	5	5	2	4	2	2				mi hogas esta bien
311	Sin personal a cargo	4. Operadores	EMPRESA CONTRATISTA MINERA	RRHH	NEWREST								4	4	4	3	3	5	5	5	5	5	2	5	5	5	5	5	3	3	3	4	5	3	5	5	5	5	5	4	2	2				
312	Sin personal a cargo	4. Operadores	EMPRESA CONTRATISTA MINERA	RRHH	NEWREST								4	5	4	5	5	5	5	5	4	5	5	5	5	4	5	5	5	5	5	4	5	5	5	4	4	5	5	5	5	5				
313	Sin personal a cargo	4. Operadores	EMPRESA CONTRATISTA MINERA	RRHH	NEWREST								5	5	5	5	5	5	5	5	5	5	5	5	5	5	5	5	5	5	5	4	4	4	5	5	5	5	5	4	5	5				En cada esquina pongo microporoso para evitar golpes
314	Sin personal a cargo	4. Operadores	EMPRESA CONTRATISTA MINERA	RRHH	NEWREST								5	4	4	5	5	4	4	5	5	3	4	5	4	4	4	3	5	4	4	4	4	4	3	5	3	4	3	2	1	1				mi casa esta bien
315	Sin personal a cargo	4. Operadores	EMPRESA CONTRATISTA MINERA	RRHH	NEWREST								4	4	4	4	5	5	4	5	5	4	5	5	5	5	4	4	4	4	4	5	4	4	4	4	4	4	4	4	1	1				poniendo señalizaciones
316	Sin personal a cargo	4. Operadores	EMPRESA CONTRATISTA MINERA	RRHH	NEWREST								5	4	5	5	5	4	5	5	2	5	4	3	5	5	3	3	5	3	3	2	3	5	3	3	4	5	3	2	5	5				Siempre mntener limpieza y orden
317	Sin personal a cargo	4. Operadores	EMPRESA CONTRATISTA MINERA	RRHH	NEWREST								5	4	4	4	4	4	4	4	4	5	5	5	4	4	3	4	4	4	4	4	4	4	4	4	5	5	5	5	4	4				Desde que trabajo en mineria en mi casa usamos guantes
318	Sin personal a cargo	4. Operadores	EMPRESA CONTRATISTA MINERA	RRHH	NEWREST								4	4	3	4	5	4	3	3	3	2	4	5	4	5	4	4	4	4	4	3	3	3	2	2	3	4	4	3	5	5				Se realiza orden y limpieza para evitar caidas
319	Sin personal a cargo	4. Operadores	EMPRESA CONTRATISTA MINERA	RRHH	NEWREST								5	3	5	4	5	5	5	5	4	3	4	5	5	5	5	5	5	5	5	5	4	4	4	5	5	5	5	5	5	5				mejorar el piso de mi ccasa
320	Sin personal a cargo	4. Operadores	EMPRESA CONTRATISTA MINERA	RRHH	NEWREST								5	3	5	4	5	5	4	5	5	5	4	5	5	4	5	5	3	3	2	3	4	3	3	3	5	4	4	3	3	3				
321	Sin personal a cargo	4. Operadores	EMPRESA CONTRATISTA MINERA	RRHH	NEWREST								1	3	5	2	3	4	1	4	3	3	5	5	5	5	5	2	2	1	4	2	1	3	2	3	2	5	2	1	1	1				
322	Sin personal a cargo	4. Operadores	EMPRESA CONTRATISTA MINERA	RRHH	NEWREST								2	2	2	2	3	4	2	4	4	3	3	4	2	1	2	2	1	2	2	2	3	2	1	3	2	4	4	2	4	4				
323	Sin personal a cargo	4. Operadores	EMPRESA CONTRATISTA MINERA	RRHH	NEWREST								5	3	2	5	5	5	5	3	3	4	2	5	5	5	3	2	5	3	4	5	5	5	4	5	4	4	3	3	3	3				
324	Sin personal a cargo	4. Operadores	EMPRESA CONTRATISTA MINERA	RRHH	NEWREST								3	5	3	5	5	3	5	2	2	1	5	5	5	5	5	3	5	2	3	3	2	5	2	4	2	4	5	5	5	5				Se mantiene en bien ambiente
325	Sin personal a cargo	4. Operadores	EMPRESA CONTRATISTA MINERA	RRHH	NEWREST								5	3	5	4	5	5	5	3	5	4	5	5	4	5	4	5	3	2	4	3	5	3	5	3	5	3	5	5	3	3				
326	Con personal a cargo	3. Jefes de Área	EMPRESA CONTRATISTA MINERA	RRHH	NEWREST								5	4	5	5	5	5	5	5	5	5	5	5	5	5	5	5	5	5	5	5	5	5	5	5	5	5	5	5	5	5				Mochila de emergencia y extintor
327	Con personal a cargo	3. Jefes de Área	EMPRESA CONTRATISTA MINERA	RRHH	NEWREST								4	4	4	4	4	4	4	4	4	5	5	5	3	4	4	4	4	3	4	4	4	4	4	4	4	4	4	4	4	4				Todas las escaleras cuentan con barandas para usar tres puntos de apoyo
328	Sin personal a cargo	4. Operadores	EMPRESA CONTRATISTA MINERA	RRHH	NEWREST								4	2	5	4	5	5	5	4	5	5	5	5	5	4	5	5	5	4	5	4	1	3	5	5	5	5	1	4	5	5				Tomacorrientes hermeticos
329	Sin personal a cargo	4. Operadores	EMPRESA CONTRATISTA MINERA	RRHH	NEWREST								3	3	4	4	4	4	3	3	4	5	5	5	5	5	5	4	3	3	3	2	1	3	4	2	4	4	2	2	4	4				Alerta al cruzar la pista
330	Sin personal a cargo	4. Operadores	EMPRESA CONTRATISTA MINERA	RRHH	NEWREST								5	4	4	5	5	5	5	5	5	5	4	5	5	4	4	5	4	4	4	5	1	4	5	4	5	5	1	3	5	5				Botiquien y mochila de emergencia
331	Sin personal a cargo	4. Operadores	EMPRESA CONTRATISTA MINERA	RRHH	NEWREST								4	4	4	4	4	4	4	5	3	5	5	5	5	4	4	5	5	3	3	4	2	4	4	5	5	5	3	2	5	5				Uso de tres puntos de apoyo
332	Sin personal a cargo	4. Operadores	EMPRESA CONTRATISTA MINERA	RRHH	NEWREST								4	3	4	3	3	4	4	4	3	4	4	4	3	4	3	4	3	4	3	3	4	4	4	3	4	4	4	4	4	4				Botiquin y  tres puntos de apoyo
333	Sin personal a cargo	4. Operadores	EMPRESA CONTRATISTA MINERA	RRHH	NEWREST								4	3	2	3	3	3	3	3	3	3	3	4	4	4	2	3	3	3	3	3	2	2	3	4	4	2	2	2	3	3				Poner en práctica la mejora continua
334	Sin personal a cargo	4. Operadores	EMPRESA CONTRATISTA MINERA	RRHH	NEWREST								5	5	5	4	4	5	5	5	5	5	5	5	5	5	5	5	5	5	5	5	5	5	5	5	5	5	5	5	5	5				Barandas y pasamanos en las escaleras
335	Sin personal a cargo	4. Operadores	EMPRESA CONTRATISTA MINERA	RRHH	NEWREST								5	5	5	5	5	5	5	5	5	5	5	5	5	5	5	5	5	5	5	5	5	5	5	5	5	5	5	5	4	4				Identificación de diferentes peligros
336	Sin personal a cargo	4. Operadores	EMPRESA CONTRATISTA MINERA	RRHH	NEWREST								5	5	5	5	5	5	5	5	5	5	5	5	5	5	5	5	5	5	5	5	5	5	5	5	5	5	5	5	4	4				
337	Sin personal a cargo	4. Operadores	EMPRESA CONTRATISTA MINERA	RRHH	NEWREST								5	5	5	5	5	5	5	5	5	4	5	5	5	5	5	5	5	5	5	5	5	5	5	5	5	5	5	5	5	5				
338	Con personal a cargo	2. Supervisores	EMPRESA CONTRATISTA MINERA	RRHH	NEWREST								5	5	5	5	4	4	5	5	4	5	4	5	5	5	4	5	5	5	3	3	3	5	4	4	5	4	4	5	4	4				Tener cuidado al caminar en piso mojado
339	Sin personal a cargo	4. Operadores	EMPRESA CONTRATISTA MINERA	RRHH	NEWREST								5	5	4	5	5	5	5	5	4	5	5	5	5	5	4	4	4	5	4	4	5	4	5	4	5	4	4	4	4	4				
340	Sin personal a cargo	4. Operadores	EMPRESA CONTRATISTA MINERA	RRHH	NEWREST								5	5	5	5	4	4	5	5	4	5	4	5	5	5	4	5	5	5	4	4	4	5	4	4	4	5	4	5	4	4				Cuidado con piso mojado
341	Sin personal a cargo	4. Operadores	EMPRESA CONTRATISTA MINERA	RRHH	NEWREST								5	5	4	5	5	4	5	4	5	5	5	5	5	5	5	4	5	4	5	4	5	5	5	5	5	4	5	5	5	5				
342	Sin personal a cargo	4. Operadores	EMPRESA CONTRATISTA MINERA	RRHH	NEWREST								5	5	4	5	5	4	5	5	4	5	5	5	5	5	5	5	5	5	5	4	5	4	5	5	5	4	5	4	1	1				
343	Sin personal a cargo	4. Operadores	EMPRESA CONTRATISTA MINERA	RRHH	NEWREST								5	5	4	5	5	4	5	5	5	5	4	5	5	4	5	5	5	4	5	4	5	5	5	3	5	4	5	5	5	5				primero la seguridad
344	Sin personal a cargo	4. Operadores	EMPRESA CONTRATISTA MINERA	RRHH	NEWREST								5	5	5	5	5	4	5	4	5	4	5	5	5	5	5	5	5	5	5	5	5	4	5	5	5	5	5	5	4	4				
345	Sin personal a cargo	4. Operadores	EMPRESA CONTRATISTA MINERA	RRHH	NEWREST								5	5	5	5	5	5	5	5	5	5	5	5	5	5	5	5	5	5	5	5	5	5	5	5	5	5	5	5	5	5				
346	Sin personal a cargo	4. Operadores	EMPRESA CONTRATISTA MINERA	RRHH	NEWREST								5	5	4	5	5	5	5	5	5	4	5	5	5	5	5	5	5	5	5	4	5	5	5	5	5	4	5	5	5	5				Tener cuidaod al caminar, y mas aun si esta mojado
347	Sin personal a cargo	4. Operadores	EMPRESA CONTRATISTA MINERA	RRHH	NEWREST								5	5	5	5	5	5	5	5	5	5	5	5	5	5	5	5	5	5	5	4	5	5	5	5	5	4	5	5	5	5				
348	Sin personal a cargo	4. Operadores	EMPRESA CONTRATISTA MINERA	RRHH	NEWREST								5	5	5	5	5	5	5	5	5	5	5	5	5	5	5	5	5	5	5	5	5	5	5	5	5	5	5	5	5	5				
349	Sin personal a cargo	4. Operadores	EMPRESA CONTRATISTA MINERA	RRHH	NEWREST								5	5	4	5	5	5	5	5	5	5	5	5	5	5	5	5	5	5	4	4	5	5	5	3	5	5	5	5	5	5				
350	Sin personal a cargo	4. Operadores	EMPRESA CONTRATISTA MINERA	RRHH	NEWREST								5	5	4	5	5	5	5	5	5	4	5	5	5	5	5	5	5	5	4	4	5	5	5	3	5	5	5	5	5	5				
351	Sin personal a cargo	4. Operadores	EMPRESA CONTRATISTA MINERA	RRHH	NEWREST								5	5	5	5	5	5	5	5	5	5	5	5	5	5	5	5	5	5	5	5	5	5	5	5	5	5	5	5	4	4				
352	Sin personal a cargo	4. Operadores	EMPRESA CONTRATISTA MINERA	RRHH	NEWREST								5	5	4	5	5	5	5	4	5	5	5	5	5	5	4	5	5	4	4	4	5	3	5	4	5	5	5	5	4	4				Segregación de residuos y cuidado del ambiente
353	Con personal a cargo	3. Jefes de Área	EMPRESA CONTRATISTA MINERA	MANTENIMIENTO	RESEMIN								4	4	5	5	5	5	4	5	4	5	5	5	5	5	5	4	5	5	4	4	4	5	4	4	4	4	4	4	4	4				Usar el semaforo correctamente
354	Sin personal a cargo	4. Operadores	EMPRESA CONTRATISTA MINERA	MANTENIMIENTO	RESEMIN								4	4	5	5	4	5	4	5	3	5	5	5	4	5	5	5	5	5	4	4	4	5	3	5	5	4	4	4	5	5				
355	Sin personal a cargo	4. Operadores	EMPRESA CONTRATISTA MINERA	MANTENIMIENTO	RESEMIN								4	4	4	4	4	4	4	3	4	4	4	4	4	3	4	4	4	3	4	3	4	3	4	4	3	3	3	3	4	4				Conversa sobre los peligros en la calle
356	Sin personal a cargo	4. Operadores	EMPRESA CONTRATISTA MINERA	MANTENIMIENTO	RESEMIN								4	3	4	3	4	4	3	3	3	4	4	4	4	4	4	4	4	4	4	3	3	4	2	3	2	3	3	2	4	4				Ahorro de energia, reciclaje
357	Sin personal a cargo	4. Operadores	EMPRESA CONTRATISTA MINERA	MANTENIMIENTO	RESEMIN								4	4	4	4	4	4	4	3	4	1	2	4	4	3	4	4	4	4	3	4	4	3	2	3	4	3	4	3	4	4				Usar tres puntos de apoyo
358	Sin personal a cargo	4. Operadores	EMPRESA CONTRATISTA MINERA	MANTENIMIENTO	RESEMIN								4	4	3	4	4	4	4	4	3	4	5	5	4	3	3	4	5	4	4	2	3	4	2	5	3	4	3	2	4	4				Desernigizar los tomacorrientes cuando vamos a cambiar los focos
359	Sin personal a cargo	4. Operadores	EMPRESA CONTRATISTA MINERA	MANTENIMIENTO	RESEMIN								3	3	3	3	3	3	3	4	3	4	4	5	4	4	4	3	4	3	3	3	3	3	3	4	4	3	3	3	4	4				
360	Sin personal a cargo	4. Operadores	EMPRESA CONTRATISTA MINERA	MANTENIMIENTO	RESEMIN								4	3	3	4	4	4	3	4	4	4	4	4	4	4	4	4	3	4	3	3	3	4	2	3	4	4	4	4	4	4				La manipulación del hacha para hacer leña o rajada
361	Sin personal a cargo	4. Operadores	EMPRESA CONTRATISTA MINERA	MANTENIMIENTO	RESEMIN								4	5	5	4	4	4	4	4	5	5	4	5	4	5	4	5	5	4	4	5	4	4	4	4	4	3	4	4	3	3				Tener cuidado al momento de bajar las escaleras
362	Con personal a cargo	2. Supervisores	EMPRESA CONTRATISTA MINERA	PLANTA CONCENTRADORA	MITRACON								5	5	5	5	5	5	5	5	5	5	5	5	5	5	5	5	5	5	5	1	5	5	5	5	5	4	4	5	5	5				La importancia del cuidado de manos
363	Con personal a cargo	2. Supervisores	EMPRESA CONTRATISTA MINERA	PLANTA CONCENTRADORA	MITRACON								4	3	5	4	4	4	4	5	4	5	5	5	4	5	4	3	5	4	3	2	3	4	2	5	4	3	4	4	4	4				
364	Sin personal a cargo	4. Operadores	EMPRESA CONTRATISTA MINERA	PLANTA CONCENTRADORA	MITRACON								3	2	2	4	4	3	4	3	4	5	5	5	5	4	2	4	5	5	3	3	3	4	5	3	4	2	3	3	2	2				
365	Sin personal a cargo	4. Operadores	EMPRESA CONTRATISTA MINERA	PLANTA CONCENTRADORA	MITRACON								4	4	4	5	5	5	4	5	5	4	4	5	5	4	4	4	5	5	4	4	4	4	4	4	4	4	4	4	3	3				
366	Sin personal a cargo	4. Operadores	EMPRESA CONTRATISTA MINERA	PLANTA CONCENTRADORA	MITRACON								4	5	4	5	5	5	4	4	4	5	5	5	5	4	4	5	5	5	4	1	4	4	1	4	4	5	5	4	5	5				Seguridad primero
367	Sin personal a cargo	4. Operadores	EMPRESA CONTRATISTA MINERA	PLANTA CONCENTRADORA	MITRACON								3	4	5	4	4	3	3	3	3	5	4	5	5	4	4	4	5	4	4	4	4	4	3	3	4	4	4	3	5	5				
368	Sin personal a cargo	4. Operadores	EMPRESA CONTRATISTA MINERA	PLANTA CONCENTRADORA	MITRACON								5	5	5	5	5	5	4	5	5	5	5	5	5	5	5	4	4	4	5	5	4	3	2	4	4	4	4	3	5	5				
369	Con personal a cargo	2. Supervisores	EMPRESA CONTRATISTA MINERA	PLANTA CONCENTRADORA	MITRACON								5	5	5	5	5	5	5	5	5	5	5	5	5	5	5	5	5	5	5	5	5	5	5	5	5	5	5	5	5	5				
370	Sin personal a cargo	4. Operadores	EMPRESA CONTRATISTA MINERA	PLANTA CONCENTRADORA	MITRACON								3	3	4	4	4	4	2	5	5	2	3	5	5	4	3	5	3	5	5	2	5	5	5	5	5	5	5	5	5	5				
371	Sin personal a cargo	2. Asistentes	EMPRESA CONTRATISTA MINERA	PLANTA CONCENTRADORA	MITRACON								4	4	5	5	5	5	4	4	5	5	5	5	5	5	5	5	5	5	4	5	4	4	3	5	4	4	4	4	4	4				Tener cuidado con el piso resbaloso
372	Con personal a cargo	2. Supervisores	EMPRESA CONTRATISTA MINERA	PLANTA CONCENTRADORA	MITRACON								4	5	4	4	5	4	4	4	5	4	4	5	5	5	4	5	4	5	4	3	4	4	5	4	4	4	4	5	3	3				Verificar las conexiones de energia y los desniveles en el piso
373	Sin personal a cargo	4. Operadores	EMPRESA CONTRATISTA MINERA	PLANTA CONCENTRADORA	MITRACON								4	5	5	4	4	4	5	5	4	5	4	4	5	5	5	4	5	4	4	5	1	5	5	3	3	3	2	4	5	5				
374	Sin personal a cargo	4. Operadores	EMPRESA CONTRATISTA MINERA	PLANTA CONCENTRADORA	MITRACON								4	5	5	5	5	3	3	4	5	5	5	5	5	2	3	3	5	4	5	5	3	5	1	1	3	3	5	5	5	5				
375	Sin personal a cargo	4. Operadores	EMPRESA CONTRATISTA MINERA	PLANTA CONCENTRADORA	MITRACON								3	3	4	4	4	4	4	4	4	5	5	5	5	5	5	5	5	5	5	4	5	5	1	5	5	5	5	4	1	1				
376	Con personal a cargo	2. Supervisores	EMPRESA CONTRATISTA MINERA	PLANTA CONCENTRADORA	MITRACON								4	5	4	4	4	4	3	4	4	4	4	4	5	4	4	4	4	4	4	3	3	4	3	3	3	4	4	3	5	5				
377	Sin personal a cargo	4. Operadores	EMPRESA CONTRATISTA MINERA	PLANTA CONCENTRADORA	MITRACON								4	4	5	5	5	4	4	5	5	5	5	5	5	5	4	5	3	4	4	4	4	4	3	4	4	4	4	4	5	5				
378	Sin personal a cargo	4. Operadores	EMPRESA CONTRATISTA MINERA	PLANTA CONCENTRADORA	MITRACON								4	4	5	4	4	4	5	4	5	5	5	5	4	3	4	3	4	3	4	3	3	4	2	5	4	4	4	4	3	3				
379	Sin personal a cargo	4. Operadores	EMPRESA CONTRATISTA MINERA	PLANTA CONCENTRADORA	MITRACON								3	2	3	3	2	3	2	3	3	4	5	5	4	3	3	4	5	3	4	1	4	3	2	3	3	3	3	3	3	3				Mejora de condiciones personales
380	Sin personal a cargo	4. Operadores	EMPRESA CONTRATISTA MINERA	PLANTA CONCENTRADORA	MITRACON								5	5	5	5	5	5	5	5	5	5	5	5	5	5	5	5	5	3	4	2	3	3	2	3	4	4	5	5	5	5				
381	Con personal a cargo	2. Supervisores	EMPRESA CONTRATISTA MINERA	PLANTA CONCENTRADORA	MITRACON								4	4	4	5	4	4	4	4	5	5	5	5	5	4	4	4	4	5	4	5	4	4	4	4	5	4	4	4	5	5				Analizar el área e identificar los riesgos
382	Sin personal a cargo	4. Operadores	EMPRESA CONTRATISTA MINERA	PLANTA CONCENTRADORA	MITRACON								1	1	3	1	2	2	1	2	3	5	5	5	5	3	4	4	4	4	4	4	1	3	1	4	4	4	3	2	2	2				
383	Sin personal a cargo	4. Operadores	EMPRESA CONTRATISTA MINERA	PLANTA CONCENTRADORA	MITRACON								2	1	1	1	2	1	1	2	2	4	4	5	2	1	3	3	3	2	3	1	2	4	1	1	2	2	2	2	3	3				
384	Sin personal a cargo	4. Operadores	EMPRESA CONTRATISTA MINERA	SSOMA	SCORPION								4	4	5	4	4	5	4	4	4	5	5	5	4	4	5	4	4	4	5	3	4	3	2	5	4	5	4	4	5	5				identificación de peligros  y las consecuencias
385	Sin personal a cargo	4. Operadores	EMPRESA CONTRATISTA MINERA	SSOMA	SCORPION								5	5	3	5	5	5	5	5	5	5	3	5	5	5	3	5	5	5	5	3	5	5	3	3	3	3	3	3	5	5				
386	Sin personal a cargo	4. Operadores	EMPRESA CONTRATISTA MINERA	SSOMA	SCORPION								5	5	3	5	5	5	5	5	5	3	5	5	5	5	3	5	5	5	5	3	5	5	3	3	3	3	3	3	5	5				
387	Sin personal a cargo	4. Operadores	EMPRESA CONTRATISTA MINERA	SSOMA	SCORPION								3	4	5	3	3	4	4	3	4	2	4	4	4	5	4	5	4	4	4	4	5	4	3	4	5	5	5	4	5	5				
388	Sin personal a cargo	4. Operadores	EMPRESA CONTRATISTA MINERA	SSOMA	SCORPION								2	3	5	3	5	4	5	2	4	3	5	5	5	4	4	4	3	4	3	4	2	3	4	3	3	4	2	3	4	4				
389	Sin personal a cargo	4. Operadores	EMPRESA CONTRATISTA MINERA	SSOMA	SCORPION								2	5	5	4	5	5	3	4	3	2	3	5	5	4	5	5	4	3	3	4	3	4	3	2	5	4	4	4	5	5				Mejora continua
390	Sin personal a cargo	4. Operadores	EMPRESA CONTRATISTA MINERA	SSOMA	SCORPION								5	4	3	5	5	5	4	3	4	3	5	5	5	5	5	5	5	5	5	3	4	3	3	5	5	5	4	4	5	5				
391	Sin personal a cargo	4. Operadores	EMPRESA CONTRATISTA MINERA	SSOMA	SCORPION								5	5	5	5	5	5	5	5	5	5	5	5	5	5	5	5	5	5	5	5	5	5	5	2	3	5	5	2	5	5				
392	Con personal a cargo	2. Supervisores	EMPRESA CONTRATISTA MINERA	SSOMA	SCORPION								4	4	4	4	4	4	4	4	4	3	3	5	3	4	5	5	4	5	4	4	5	4	3	5	4	5	5	4	5	5				
393	Sin personal a cargo	4. Operadores	EMPRESA CONTRATISTA MINERA	SSOMA	SCORPION								5	5	5	5	5	5	5	5	5	5	5	5	5	5	5	5	5	5	5	4	5	4	4	4	4	4	4	4	4	4				
394	Sin personal a cargo	4. Operadores	EMPRESA CONTRATISTA MINERA	SSOMA	SCORPION								4	5	4	5	4	4	4	4	4	4	4	5	4	4	4	5	4	4	4	4	4	4	4	4	4	4	4	4	5	5				
395	Sin personal a cargo	4. Operadores	EMPRESA CONTRATISTA MINERA	SSOMA	SCORPION								4	3	3	4	5	4	4	3	4	2	4	5	4	4	5	5	5	4	4	2	4	2	2	3	5	5	4	5	5	5				
396	Sin personal a cargo	4. Operadores	EMPRESA CONTRATISTA MINERA	SSOMA	SCORPION								5	5	5	4	4	4	4	4	4	4	4	4	4	4	4	4	5	5	5	4	4	5	4	4	4	4	4	5	5	5				
397	Sin personal a cargo	4. Operadores	EMPRESA CONTRATISTA MINERA	SSOMA	SCORPION								5	5	5	5	5	5	5	4	5	5	4	5	4	5	5	4	4	4	4	4	5	5	5	5	5	5	5	5	5	5				
398	Sin personal a cargo	4. Operadores	EMPRESA CONTRATISTA MINERA	SSOMA	SCORPION								5	5	5	5	5	5	5	5	5	5	5	5	5	5	5	5	5	5	5	5	5	5	5	5	5	5	5	5	5	5				
399	Sin personal a cargo	4. Operadores	EMPRESA CONTRATISTA MINERA	SSOMA	SCORPION								4	4	4	4	4	4	4	4	4	4	4	4	4	4	4	4	4	4	5	4	5	4	4	4	4	5	5	5	5	5				
400	Sin personal a cargo	4. Operadores	EMPRESA CONTRATISTA MINERA	SSOMA	SCORPION								5	5	5	5	5	5	5	5	5	5	5	5	5	5	5	5	5	5	5	4	5	5	5	5	5	5	5	5	5	5				Hacer uso de los tres puntos de apoyo
401	Sin personal a cargo	4. Operadores	EMPRESA CONTRATISTA MINERA	SSOMA	SCORPION								4	4	4	5	5	5	4	4	3	4	4	5	5	5	5	4	3	3	3	2	3	3	2	2	3	4	3	3	5	5				Mejora continua
402	Sin personal a cargo	4. Operadores	EMPRESA CONTRATISTA MINERA	SSOMA	SCORPION								4	4	4	3	4	4	3	4	3	4	3	4	5	2	3	4	5	4	3	3	3	4	2	3	3	3	4	2	2	2				
403	Con personal a cargo	2. Supervisores	EMPRESA CONTRATISTA MINERA	SSOMA	SCORPION								3	4	5	3	3	4	3	3	2	4	5	5	3	4	3	3	3	4	3	2	2	3	2	5	4	3	3	3	4	4				
404	Con personal a cargo	2. Supervisores	EMPRESA CONTRATISTA MINERA	PROYECTOS	NTI								5	4	5	5	5	5	5	5	5	5	5	5	4	5	5	4	5	5	5	5	4	4	5	5	5	4	4	4	5	5				
405	Sin personal a cargo	2. Asistentes	EMPRESA CONTRATISTA MINERA	PROYECTOS	NTI								4	4	4	4	4	4	4	4	4	4	4	4	4	4	4	4	4	4	4	4	4	4	4	4	4	4	4	4	4	4				
406	Sin personal a cargo	2. Asistentes	EMPRESA CONTRATISTA MINERA	PROYECTOS	NTI								3	3	4	4	4	4	3	3	5	2	4	5	4	4	4	4	3	4	4	4	4	3	4	3	4	3	4	4	1	1				
407	Sin personal a cargo	1. Ingenieros	EMPRESA CONTRATISTA MINERA	PROYECTOS	NTI								3	4	5	4	4	4	4	4	4	5	5	5	5	5	5	5	5	5	4	4	4	4	4	5	4	5	4	4	4	4				
408	Sin personal a cargo	2. Asistentes	EMPRESA CONTRATISTA MINERA	PROYECTOS	NTI								3	4	4	4	4	4	4	4	5	4	4	5	5	5	4	3	5	4	4	5	3	3	4	5	5	4	3	4	4	4				
409	Con personal a cargo	2. Supervisores	EMPRESA CONTRATISTA MINERA	PROYECTOS	NTI								4	4	3	4	4	4	4	4	4	5	5	5	5	5	3	5	5	5	5	5	5	4	5	5	5	5	5	4	5	5				
410	Sin personal a cargo	2. Asistentes	EMPRESA CONTRATISTA MINERA	PROYECTOS	NTI								3	4	4	4	4	5	4	5	5	5	5	5	4	5	4	4	5	5	5	4	4	4	5	5	5	4	5	5	4	4				
411	Con personal a cargo	2. Supervisores	EMPRESA CONTRATISTA MINERA	PROYECTOS	NTI								5	5	5	5	5	5	5	5	5	4	5	5	5	5	4	5	4	4	4	4	5	5	4	5	5	5	5	5	4	4				conductores de energía, empotrado de conductores.
412	Sin personal a cargo	2. Asistentes	EMPRESA CONTRATISTA MINERA	PROYECTOS	NTI								5	4	4	5	4	5	4	5	4	4	5	4	4	5	4	4	4	4	4	5	4	5	5	4	4	5	4	5	4	4				
413	Sin personal a cargo	1. Ingenieros	EMPRESA CONTRATISTA MINERA	PROYECTOS	NTI								5	4	4	4	4	4	4	4	5	4	5	5	4	4	5	5	5	5	4	3	4	4	4	5	5	4	4	5	5	5				
414	Con personal a cargo	2. Supervisores	EMPRESA CONTRATISTA MINERA	PROYECTOS	MYB								4	4	5	4	4	4	4	4	4	4	5	5	5	4	4	4	5	4	4	5	4	4	4	5	4	4	4	4	5	5				PRactica de respetar la señalización
415	Con personal a cargo	2. Supervisores	EMPRESA CONTRATISTA MINERA	PROYECTOS	MYB								5	4	4	5	5	5	4	5	5	5	5	5	5	5	4	5	5	4	4	3	4	4	3	5	4	5	5	3	5	5				
416	Con personal a cargo	2. Supervisores	EMPRESA CONTRATISTA MINERA	PROYECTOS	ANDDES								3	2	3	3	3	3	3	4	3	4	4	5	3	4	4	2	3	4	4	4	3	4	2	4	3	4	4	3	4	4				Empoderar a los colaboradores
417	Con personal a cargo	2. Supervisores	EMPRESA CONTRATISTA MINERA	PROYECTOS	ANDDES								3	3	2	3	3	3	3	3	3	4	5	5	5	3	3	3	4	3	4	3	3	3	4	4	4	4	4	4	5	5				
418	Con personal a cargo	2. Supervisores	EMPRESA CONTRATISTA MINERA	PROYECTOS	ANDDES								4	4	4	3	4	4	3	4	4	1	3	5	2	4	4	3	4	3	3	4	2	2	3	2	4	2	2	3	4	4				
419	Con personal a cargo	3. Jefes de Área	EMPRESA CONTRATISTA MINERA	PROYECTOS	ANDDES								4	4	3	4	4	5	4	5	4	5	5	5	4	4	4	5	5	4	4	4	5	4	3	4	5	4	5	5	4	4				
420	Con personal a cargo	2. Supervisores	EMPRESA CONTRATISTA MINERA	PROYECTOS	ANDDES								4	5	4	5	4	5	4	4	5	5	5	5	4	4	5	5	5	5	5	5	4	4	3	4	5	5	5	5	4	4				
421	Con personal a cargo	2. Supervisores	EMPRESA CONTRATISTA MINERA	PROYECTOS	ANDDES								4	4	3	4	4	4	4	4	4	5	5	5	5	5	5	5	5	5	4	4	4	4	4	5	5	5	5	5	5	5				
422	Con personal a cargo	2. Supervisores	EMPRESA CONTRATISTA MINERA	PROYECTOS	ANDDES								4	4	3	3	4	3	3	3	3	3	3	4	3	3	3	4	4	3	4	2	3	3	4	4	4	4	4	3	2	2				
423	Con personal a cargo	2. Supervisores	EMPRESA CONTRATISTA MINERA	PROYECTOS	ANDDES								4	4	4	4	4	4	4	4	4	4	5	5	4	4	4	4	5	4	4	4	4	4	4	4	4	4	4	4	5	5				
424	Con personal a cargo	2. Supervisores	EMPRESA CONTRATISTA MINERA	PROYECTOS	ANDDES								4	4	5	5	5	5	4	4	5	5	5	5	4	5	5	5	5	5	5	4	4	5	5	5	4	5	4	4	5	5				
425	Con personal a cargo	2. Supervisores	EMPRESA CONTRATISTA MINERA	PROYECTOS	ANDDES								4	5	5	4	5	5	5	4	5	5	5	5	5	5	4	5	5	5	5	5	4	4	3	4	4	4	4	3	4	4				control de incendios, tenemos extintor
426	Con personal a cargo	2. Supervisores	EMPRESA CONTRATISTA MINERA	PROYECTOS	ANDDES								4	4	3	4	5	5	4	4	4	5	5	5	5	5	4	5	5	5	5	5	5	5	4	5	5	5	5	5	5	5				Mantenimiento de barandas en casa y el uso de tres puntos de apoyo
427	Con personal a cargo	1. Superintendentes	EMPRESA CONTRATISTA MINERA	PROYECTOS	ANDDES								5	4	4	5	5	5	5	4	4	5	5	5	4	5	5	4	5	5	4	4	4	5	4	4	4	4	4	4	5	5				
428	Sin personal a cargo	1. Ingenieros	EMPRESA CONTRATISTA MINERA	PROYECTOS	LARA CONSULTING								3	3	4	4	4	4	4	3	3	4	5	5	4	4	4	4	5	4	4	3	2	2	4	4	4	4	3	4	3	3				
429	Sin personal a cargo	1. Ingenieros	EMPRESA CONTRATISTA MINERA	PROYECTOS	LARA CONSULTING								4	4	5	5	5	5	5	5	5	5	5	5	5	5	5	5	5	5	5	1	2	2	2	5	5	5	5	5	5	5				
430	Sin personal a cargo	4. Operadores	EMPRESA CONTRATISTA MINERA	PROYECTOS	NTI								3	3	2	3	2	2	3	2	4	3	3	5	4	3	2	3	4	3	2	3	4	3	4	4	4	5	3	3	4	4				
431	Sin personal a cargo	4. Operadores	EMPRESA CONTRATISTA MINERA	PROYECTOS	NTI								2	2	3	2	3	2	1	2	1	4	5	5	1	1	2	1	1	2	1	1	1	1	2	1	1	2	1	2	5	5				
432	Sin personal a cargo	4. Operadores	EMPRESA CONTRATISTA MINERA	PROYECTOS	NTI								2	4	2	2	3	2	3	3	3	4	5	5	4	5	4	2	4	4	4	2	1	2	4	5	4	4	1	4	5	5				
433	Sin personal a cargo	4. Operadores	EMPRESA CONTRATISTA MINERA	PROYECTOS	NTI								1	2	2	3	2	3	3	2	2	3	5	5	4	5	3	3	2	2	3	1	1	1	1	2	1	1	1	1	4	4				
434	Sin personal a cargo	4. Operadores	EMPRESA CONTRATISTA MINERA	PROYECTOS	NTI								2	2	3	3	2	2	3	3	2	2	3	5	2	3	4	2	3	4	2	2	3	4	3	2	2	3	2	3	4	4				
435	Sin personal a cargo	4. Operadores	EMPRESA CONTRATISTA MINERA	PROYECTOS	NTI								2	2	3	3	2	2	3	2	3	1	3	5	4	3	2	2	3	3	3	1	1	3	1	2	1	1	1	2	5	5				
436	Sin personal a cargo	4. Operadores	EMPRESA CONTRATISTA MINERA	PROYECTOS	NTI								4	4	5	4	5	4	4	4	5	5	4	5	5	5	4	4	4	4	4	4	3	4	4	5	5	4	3	4	5	5				
437	Sin personal a cargo	4. Operadores	EMPRESA CONTRATISTA MINERA	PROYECTOS	NTI								4	5	5	4	4	4	4	4	4	3	4	5	4	4	5	5	4	4	4	2	4	4	3	4	4	4	3	4	4	4				
438	Sin personal a cargo	4. Operadores	EMPRESA CONTRATISTA MINERA	PROYECTOS	NTI								3	2	4	3	4	4	3	3	3	3	4	5	4	4	4	3	5	4	4	3	2	2	4	4	4	3	2	3	4	4				
439	Sin personal a cargo	4. Operadores	EMPRESA CONTRATISTA MINERA	PROYECTOS	NTI								5	5	4	4	5	5	5	5	4	5	4	4	4	5	5	3	5	5	5	2	1	3	3	5	5	5	2	5	5	5				Mejora continua
440	Sin personal a cargo	4. Operadores	EMPRESA CONTRATISTA MINERA	PROYECTOS	HLC								3	5	4	4	4	5	4	3	3	4	5	5	4	4	3	3	4	4	3	4	3	4	4	3	3	4	2	3	3	3				
441	Sin personal a cargo	4. Operadores	EMPRESA CONTRATISTA MINERA	PROYECTOS	HLC								4	3	3	4	3	2	3	3	3	4	4	5	3	3	4	3	3	2	3	1	2	1	1	3	2	2	1	2	3	3				
442	Sin personal a cargo	4. Operadores	EMPRESA CONTRATISTA MINERA	PROYECTOS	HLC								5	5	4	3	4	4	5	4	4	5	5	5	3	4	4	3	5	3	4	2	2	2	1	4	3	3	3	2	5	5				
443	Sin personal a cargo	4. Operadores	EMPRESA CONTRATISTA MINERA	PROYECTOS	HLC								5	5	5	4	4	4	4	4	5	5	5	5	5	5	5	5	4	4	4	4	4	4	4	4	4	4	4	4	5	5				
444	Sin personal a cargo	4. Operadores	EMPRESA CONTRATISTA MINERA	PROYECTOS	HLC								4	3	4	4	4	4	3	4	4	5	5	5	5	5	5	5	4	5	5	4	5	5	4	5	5	5	5	4	4	4				
445	Sin personal a cargo	4. Operadores	EMPRESA CONTRATISTA MINERA	PROYECTOS	HLC								3	3	4	3	3	4	3	4	3	1	2	2	3	2	3	2	3	1	2	1	2	1	2	3	3	2	1	2	1	1				
446	Sin personal a cargo	4. Operadores	EMPRESA CONTRATISTA MINERA	PROYECTOS	HLC								5	5	5	5	5	5	5	5	5	5	5	5	5	5	5	5	3	3	5	3	3	5	3	3	5	3	5	3	5	5				
447	Sin personal a cargo	4. Operadores	EMPRESA CONTRATISTA MINERA	PROYECTOS	HLC								4	4	4	4	4	4	3	3	3	5	5	5	4	5	5	4	5	4	5	4	1	1	1	4	2	1	1	2	5	5				
448	Sin personal a cargo	4. Operadores	EMPRESA CONTRATISTA MINERA	PROYECTOS	HLC								3	3	3	4	4	4	4	4	4	4	4	5	5	5	5	5	5	5	4	3	3	3	2	3	2	3	2	2	5	5				
449	Sin personal a cargo	4. Operadores	EMPRESA CONTRATISTA MINERA	PROYECTOS	HLC								4	4	4	4	4	4	4	4	4	4	4	4	4	4	4	4	5	4	3	4	3	3	3	4	2	2	2	2	3	3				
450	Sin personal a cargo	4. Operadores	EMPRESA CONTRATISTA MINERA	PROYECTOS	HLC								3	3	4	4	3	3	3	3	3	3	3	3	3	3	3	3	3	4	3	3	2	3	2	4	2	2	2	2	3	3				
451	Sin personal a cargo	4. Operadores	EMPRESA CONTRATISTA MINERA	PROYECTOS	HLC								3	3	5	3	5	4	3	4	4	5	5	5	4	4	5	4	4	4	4	3	3	3	3	4	4	4	4	3	5	5				
452	Sin personal a cargo	4. Operadores	EMPRESA CONTRATISTA MINERA	PROYECTOS	HLC								4	3	4	4	4	4	5	5	5	5	5	5	5	5	5	5	4	4	4	3	4	4	3	4	5	5	4	4	5	5				
453	Sin personal a cargo	4. Operadores	EMPRESA CONTRATISTA MINERA	PROYECTOS	HLC								3	3	3	3	3	3	3	3	3	4	4	3	4	3	3	3	3	3	3	3	2	3	2	3	2	3	2	3	2	2				
454	Sin personal a cargo	4. Operadores	EMPRESA CONTRATISTA MINERA	PROYECTOS	HLC								3	2	3	4	4	3	4	4	4	5	3	5	4	4	3	3	3	3	3	3	2	3	2	3	2	3	2	3	4	4				
455	Sin personal a cargo	4. Operadores	EMPRESA CONTRATISTA MINERA	PROYECTOS	HLC								2	5	5	5	5	5	5	5	5	3	3	5	5	5	5	5	5	5	5	5	5	5	5	5	5	5	5	5	5	5				
456	Con personal a cargo	2. Jefes de Zona	EMPRESA CONTRATISTA MINERA	PROYECTOS	HLC								5	5	5	5	5	4	4	5	5	5	5	5	5	5	5	5	5	5	5	5	1	4	1	4	5	5	4	5	5	5				
457	Con personal a cargo	1. Superintendentes	EMPRESA CONTRATISTA MINERA	PROYECTOS	HLC								5	5	5	5	5	5	5	5	5	5	5	5	5	5	5	5	5	5	5	5	5	5	5	5	5	5	5	5	5	5				
458	Sin personal a cargo	4. Operadores	EMPRESA CONTRATISTA MINERA	PROYECTOS	HLC								5	5	5	5	5	5	5	5	5	5	5	5	5	5	5	5	5	5	5	5	5	5	5	5	5	5	5	5	5	5				
459	Sin personal a cargo	4. Operadores	EMPRESA CONTRATISTA MINERA	PROYECTOS	HLC								5	5	5	5	5	5	5	5	5	5	5	5	5	5	5	5	5	5	5	5	5	5	5	5	5	5	5	5	5	5				
460	Sin personal a cargo	4. Operadores	EMPRESA CONTRATISTA MINERA	PROYECTOS	HLC								3	2	5	2	2	2	2	2	3	5	5	5	2	2	2	2	2	3	2	1	2	2	1	1	1	2	1	1	5	5				
461	Sin personal a cargo	2. Asistentes	EMPRESA CONTRATISTA MINERA	PROYECTOS	HLC								5	5	5	5	5	5	5	5	5	5	5	5	5	5	5	5	5	5	5	5	5	5	5	5	5	5	5	5	5	5				
462	Sin personal a cargo	4. Operadores	EMPRESA CONTRATISTA MINERA	PROYECTOS	HLC								4	4	4	5	5	4	4	5	5	5	5	5	5	4	4	4	4	5	5	5	5	5	5	5	5	5	5	5	5	5				
463	Sin personal a cargo	4. Operadores	EMPRESA CONTRATISTA MINERA	PROYECTOS	HLC								3	2	4	3	3	3	4	4	3	5	5	5	4	3	3	3	4	5	5	4	4	4	1	2	3	3	3	3	5	5				
464	Con personal a cargo	1. Gerentes	EMPRESA CONTRATISTA MINERA	PROYECTOS	HLC								5	2	5	5	5	5	5	5	5	2	3	5	5	5	5	5	3	3	5	5	2	5	2	2	2	2	2	5	3	3				
465	Sin personal a cargo	4. Operadores	EMPRESA CONTRATISTA MINERA	PROYECTOS	HLC								5	5	5	5	5	5	5	5	5	5	5	5	5	5	5	5	5	5	5	4	4	5	5	5	5	5	5	5	5	5				
466	Sin personal a cargo	4. Operadores	EMPRESA CONTRATISTA MINERA	PROYECTOS	HLC								2	5	5	5	5	4	5	5	5	3	5	5	5	5	5	5	5	5	5	5	5	5	5	5	5	5	5	5	5	5				
467	Sin personal a cargo	4. Operadores	EMPRESA CONTRATISTA MINERA	PROYECTOS	HLC								5	5	5	5	5	5	5	5	5	5	5	5	5	5	5	5	5	5	5	5	5	5	1	5	5	5	5	5	5	5				
468	Sin personal a cargo	4. Operadores	EMPRESA CONTRATISTA MINERA	PROYECTOS	HLC								4	3	4	4	4	4	3	4	4	4	4	4	4	3	4	3	4	4	4	4	4	4	2	4	4	4	3	4	4	4				Riesgos electricos
469	Sin personal a cargo	4. Operadores	EMPRESA CONTRATISTA MINERA	PROYECTOS	HLC								4	4	5	4	4	4	4	3	4	4	4	5	4	4	4	4	4	4	2	2	4	4	2	4	4	4	2	4	3	3				
470	Sin personal a cargo	2. Asistentes	EMPRESA CONTRATISTA MINERA	PROYECTOS	HLC								3	3	3	3	3	3		2	2	1	1	5	3	3	2	3	2	2	2	1	1	1	1	2	2	2	1	1	5	5				
471	Con personal a cargo	2. Jefes de Zona	EMPRESA CONTRATISTA MINERA	PROYECTOS	HLC								5	5	5	5	5	5	5	5	5	5	5	5	5	5	5	5	5	5	5	5	5	5	5	5	5	5	5	5	5	5				
472	Sin personal a cargo	4. Operadores	EMPRESA CONTRATISTA MINERA	PROYECTOS	HLC								4	4	5	4	5	5	4	4	5	5	5	5	5	5	5	5	4	5	5	4	5	5	4	4	4	5	4	4	4	4				
473	Con personal a cargo	2. Supervisores	EMPRESA CONTRATISTA MINERA	PROYECTOS	HLC								5	5	5	5	5	5	5	5	5	5	5	5	5	5	5	5	5	5	5	5	5	5	5	5	5	5	5	5	5	5				
474	Sin personal a cargo	4. Operadores	EMPRESA CONTRATISTA MINERA	PROYECTOS	HLC								4	4	5	3	4	4	3	4	4	2	2	4	4	3	4	3	4	4	4	2	2	3	4	4	4	4	3	3	4	4				
475	Sin personal a cargo	4. Operadores	EMPRESA CONTRATISTA MINERA	PROYECTOS	HLC								3	2	5	2	2	2	4	4	4	5	5	5	3	4	4	4	5	4	4	4	2	4	3	3	4	4	4	4	5	5				
476	Sin personal a cargo	4. Operadores	EMPRESA CONTRATISTA MINERA	PROYECTOS	HLC								5	5	5	5	5	5	5	5	5	5	5	5	5	5	5	5	5	5	5	5	5	5	5	5	5	5	5	5	5	5				
477	Sin personal a cargo	4. Operadores	EMPRESA CONTRATISTA MINERA	PROYECTOS	HLC								5	4	4	4	5	4	4	5	5	4	3	5	5	3	5	5	5	5	5	5	5	4	4	4	4	4	1	5	3	3				
478	Sin personal a cargo	1. Ingenieros	TITULAR MINERO	MEDIO AMBIENTE	RAURA								2	4	3	3	2	3	4	3	3	3	4	4	3	3	2	3	4	4	3	3	4	4	3	5	3	2	4	4	2	2				
479	Con personal a cargo	3. Jefes de Área	TITULAR MINERO	MEDIO AMBIENTE	RAURA								4	5	5	5	5	5	5	5	5	5	5	5	5	5	5	5	5	5	3	5	3	3	5	5	5	5	5	5	5	5				
480	Con personal a cargo	2. Supervisores	EMPRESA CONTRATISTA MINERA	LOGISTICA	PRIMAX								5	4	5	5	5	5	4	4	5	5	5	5	4	4	5	4	5	4	4	3	4	4	3	5	4	4	4	4	5	5				
481	Con personal a cargo	2. Supervisores	EMPRESA CONTRATISTA MINERA	LOGISTICA	PRIMAX								5	4	4	5	5	5	4	4	5	5	5	5	5	4	5	4	5	4	4	3	4	4	3	5	4	4	4	4	4	4				
482	Con personal a cargo	1. Superintendentes	TITULAR MINERO	GEOMECANICA	RAURA								5	3	3	5	4	4	4	4	4	5	5	5	4	3	4	4	4	4	3	3	3	2	4	3	4	4	4	3	4	4				
483	Con personal a cargo	2. Supervisores	TITULAR MINERO	PROYECTOS	RAURA								5	5	5	5	5	5	5	5	5	5	5	5	5	5	5	5	5	5	5	4	5	5	4	5	5	5	5	5	5	5				Instruir a mis hijos sobre los peligros de la energía electrica
484	Sin personal a cargo	1. Ingenieros	TITULAR MINERO	PROYECTOS	RAURA								5	5	4	5	5	5	5	4	5	5	5	5	5	4	5	5	5	5	5	4	5	5	5	5	5	5	5	5	4	4				
485	Sin personal a cargo	4. Operadores	EMPRESA CONTRATISTA MINERA	TI	ELECTRODATA								4	2	3	4	4	3	3	4	4	5	5	5	5	5	5	4	4	4	4	4	4	4	4	4	4	3	4	4	2	2				
486	Sin personal a cargo	4. Operadores	EMPRESA CONTRATISTA MINERA	TI	ELECTRODATA								2	4	3	5	4	4	5	4	5	4	4	5	5	5	5	5	5	5	5	5	5	5	5	5	5	5	5	5	5	5				
487	Con personal a cargo	2. Supervisores	EMPRESA CONTRATISTA MINERA	TI	ELECTRODATA								5	5	5	5	4	5	5	5	5	5	5	5	5	5	5	5	5	5	3	5	5	5	3	5	3	4	2	2	5	5				
488	Sin personal a cargo	4. Operadores	EMPRESA CONTRATISTA MINERA	TI	ELECTRODATA								4	3	4	4	5	5	4	4	4	5	5	5	5	5	5	5	5	5	4	3	2	2	2	3	2	3	2	3	4	4				
489	Sin personal a cargo	4. Operadores	TITULAR MINERO	LOGISTICA	RAURA								3	4	4	4	4	4	3	4	4	2	4	4	3	3	4	3	4	4	3	1	1	1	5	1	4	4	1	4	3	3				Mayor conocimiento sobre el CSST
490	Sin personal a cargo	4. Operadores	TITULAR MINERO	LOGISTICA	RAURA								3	3	4	4	4	4	4	4	4	4	5	5	3	3	4	4	4	4	4	3	4	3	4	4	4	4	4	4	4	4				
491	Sin personal a cargo	4. Operadores	TITULAR MINERO	LOGISTICA	RAURA								5	3	4	5	4	3	5	4	5	5	5	5	5	5	4	5	5	4	5	3	5	5	4	3	5	4	5	3	5	5				
492	Sin personal a cargo	4. Operadores	TITULAR MINERO	LOGISTICA	RAURA								4	5	5	5	5	5	5	5	4	5	5	5	5	5	3	5	4	5	4	1	5	5	5	4	5	5	5	5	5	5				
493	Con personal a cargo	3. Jefes de Área	TITULAR MINERO	MANTENIMIENTO	RAURA								4	5	4	5	5	5	4	5	4	5	5	5	5	5	5	5	5	5	5	5	5	5	4	5	5	5	5	5	5	5				Converso con mi familia los peligros y riesgos que hay en caso y como debemos controlarlos
494	Sin personal a cargo	4. Operadores	TITULAR MINERO	MANTENIMIENTO	RAURA								4	3	5	4	3	4	4	4	4	4	3	4	4	3	4	4	3	3	4	3	3	3	4	3	4	3	3	3	4	4				
495	Sin personal a cargo	4. Operadores	TITULAR MINERO	MANTENIMIENTO	RAURA								3	4	4	4	4	4	3	4	4	3	4	4	4	4	4	4	3	3	3	3	3	3	3	3	3	3	3	3	3	3				
496	Con personal a cargo	3. Jefes de Área	TITULAR MINERO	MANTENIMIENTO	RAURA								4	4	5	5	4	5	4	4	5	5	5	5	4	4	5	5	5	4	4	4	3	3	5	4	5	5	4	4	4	4				
497	Con personal a cargo	2. Supervisores	TITULAR MINERO	MANTENIMIENTO	RAURA								4	4	4	4	4	4	4	4	4	2	5	5	5	5	5	5	4	4	4	4	4	4	4	4	4	4	4	4	2	2				Saturación de actividades
498	Con personal a cargo	2. Supervisores	TITULAR MINERO	SSOMA	RAURA								5	4	2	4	4	4	4	4	4	5	5	5	4	4	2	3	5	5	4	5	4	3	5	5	5	5	4	5	5	5				Mejorar las condiciones
499	Sin personal a cargo	4. Operadores	EMPRESA CONTRATISTA MINERA	PLANEAMIENTO	TUMI								5	4	4	5	4	4	5	5	5	5	5	5	5	5	4	4	4	4	5	4	4	4	3	4	4	5	4	4	5	5				
500	Sin personal a cargo	4. Operadores	EMPRESA CONTRATISTA MINERA	PLANEAMIENTO	TUMI								4	3	4	4	4	4	4	4	4	5	5	5	5	5	5	4	4	4	4	3	4	4	5	5	5	4	4	4	5	5				
501	Sin personal a cargo	4. Operadores	EMPRESA CONTRATISTA MINERA	PLANEAMIENTO	TUMI								4	4	3	4	4	3	4	4	4	3	4	5	4	4	4	4	3	4	4	4	3	4	4	4	4	4	4	4	4	4				
502	Sin personal a cargo	4. Operadores	EMPRESA CONTRATISTA MINERA	PLANEAMIENTO	TUMI								4	4	3	4	4	4	4	4	3	4	4	5	4	4	4	4	4	4	4	4	3	4	4	4	4	4	3	4	4	4				
503	Sin personal a cargo	4. Operadores	EMPRESA CONTRATISTA MINERA	PLANEAMIENTO	TUMI								5	4	4	4	5	4	4	5	5	5	5	5	5	5	4	4	5	5	5	4	3	3	3	5	3	4	4	5	5	5				
504	Con personal a cargo	2. Supervisores	TITULAR MINERO	MANTENIMIENTO	RAURA								5	5	5	5	5	5	5	5	5	5	5	5	5	5	5	5	5	5	4	4	3	4	4	5	4	5	4	5	5	5				Se realizo el cambio electrico en todo mi hogar porque es antigua
505	Sin personal a cargo	4. Operadores	TITULAR MINERO	MANTENIMIENTO	RAURA								4	3	4	4	4	4	3	4	4	5	5	5	5	4	5	3	5	4	4	4	4	4	5	4	4	5	4	4	4	4				
506	Sin personal a cargo	4. Operadores	TITULAR MINERO	RECURSOS HUMANOS	RAURA								2	3	5	5	5	5	3	2	5	3	5	5	5	4	5	4	5	4	5	2	2	3	4	4	5	5	5	4	4	4				
507	Sin personal a cargo	4. Operadores	TITULAR MINERO	RECURSOS HUMANOS	RAURA								4	5	3	4	5	4	4	5	4	5	5	5	5	4	4	5	5	5	4	3	4	5	4	4	3	4	4	5	1	1				
508	Sin personal a cargo	4. Operadores	TITULAR MINERO	RECURSOS HUMANOS	RAURA								3	4	5	3	4	2	3	4	2	4	3	4	5	4	3	4	3	2	4	2	4	4	2	1	4	4	3	2	2	2				
509	Sin personal a cargo	4. Operadores	TITULAR MINERO	RECURSOS HUMANOS	RAURA								3	4	3	4	5	4	4	5	5	5	4	5	5	4	4	4	5	4	5	4	4	4	3	3	4	4	4	4	3	3				
510	Con personal a cargo	3. Jefes de Área	TITULAR MINERO	RECURSOS HUMANOS	RAURA								3	4	5	5	5	4	4	4	5	4	5	5	5	4	4	4	4	4	5	4	5	4	4	4	4	4	4	4	2	2				
511	Sin personal a cargo	4. Operadores	TITULAR MINERO	RECURSOS HUMANOS	RAURA								2	3	2	4	3	3	2	3	3	4	3	3	4	3	4	4	4	4	4	2	4	4	2	3	2	3	4	4	4	4				
512	Sin personal a cargo	4. Operadores	TITULAR MINERO	RECURSOS HUMANOS	RAURA								2	3	4	4	3	4	3	4	3	4	5	5	4	4	4	3	4	3	3	3	4	3	2	4	4	4	3	3	5	5				
513	Sin personal a cargo	4. Operadores	TITULAR MINERO	RECURSOS HUMANOS	RAURA								5	5	5	5	5	5	5	5	5	5	5	5	5	5	5	5	5	5	5	5	3	5	3	5	3	5	5	5	5	5				
514	Sin personal a cargo	4. Operadores	EMPRESA CONTRATISTA MINERA	SSOMA	PULSO								4	5	4	4	5	4	5	4	4	5	2	3	4	5	5	5	5	3	5	4	2	4	3	5	5	5	3	2	3	3				
515	Sin personal a cargo	4. Operadores	EMPRESA CONTRATISTA MINERA	SSOMA	PULSO								2	4	3	3	3	3	3	3	3	2	4	3	2	3	3	3	3	3	3	3	3	3	3	3	3	3	3	3	3	3				
516	Sin personal a cargo	4. Operadores	EMPRESA CONTRATISTA MINERA	SSOMA	ESSAC								4	5	2	4	4	4	4	4	5	5	5	5	5	5	2	5	5	5	5	5	4	5	5	5	5	5	5	4	1	1				
517	Con personal a cargo	2. Supervisores	TITULAR MINERO	MINA	RAURA								4	4	4	4	4	4	4	4	4	5	5	5	4	4	4	4	4	4	4	3	3	4	3	4	4	4	4	4	5	5				Reforzar la comunicación diaria de los controles críticos antes del inicio de guardia.
518	Sin personal a cargo	4. Operadores	TITULAR MINERO	PLANTA	RAURA								4	3	4	4	4	4	3	4	4	5	5	5	4	4	4	3	4	4	4	3	3	3	3	4	4	4	3	4	4	4				Sería bueno que se expliquen más los cambios de procedimiento en charla de seguridad.
519	Con personal a cargo	3. Jefes de Área	TITULAR MINERO	MANTENIMIENTO	RAURA								5	4	4	5	5	5	4	4	4	5	5	5	4	4	4	4	5	4	4	3	4	4	3	4	4	4	4	4	5	5				En el área se viene mejorando el seguimiento de condiciones inseguras reportadas.
520	Sin personal a cargo	1. Ingenieros	TITULAR MINERO	GEOLOGIA	RAURA								4	4	4	4	4	4	4	3	4	5	5	5	4	4	4	4	4	4	4	3	3	4	3	4	4	4	4	4	4	4				Se requiere mayor retroalimentación sobre los reportes enviados por el personal.
521	Sin personal a cargo	2. Asistentes	TITULAR MINERO	SSOMA	RAURA								5	5	4	5	5	5	4	5	5	5	5	5	5	5	4	5	5	5	5	4	4	4	4	5	5	5	4	5	5	5				En casa hemos identificado riesgos eléctricos y se conversó con la familia para controlarlos.
522	Sin personal a cargo	4. Operadores	TITULAR MINERO	PLANEAMIENTO	RAURA								3	4	4	4	3	4	3	3	4	4	5	5	3	4	4	3	4	4	4	3	3	3	3	4	4	3	3	4	4	4				Falta difundir mejor los mecanismos para proponer mejoras de seguridad.
523	Con personal a cargo	2. Supervisores	TITULAR MINERO	PROYECTOS	RAURA								4	4	5	4	4	4	4	4	4	5	5	5	4	4	5	4	4	4	4	3	4	4	3	4	4	4	4	4	5	5				El reconocimiento al desempeño seguro podría hacerse más visible en campo.
524	Con personal a cargo	2. Jefes de Zona	TITULAR MINERO	MINA	RAURA								4	4	4	5	4	5	4	4	5	5	5	5	4	4	4	4	5	4	4	3	3	4	3	4	5	4	4	4	5	5				Se debe continuar con las caminatas de liderazgo y cerrar los compromisos pendientes.
525	Sin personal a cargo	4. Operadores	EMPRESA CONTRATISTA MINERA	LOGÍSTICA	E.E. SERVICIOS ANDINOS								3	3	4	4	3	4	3	3	3	4	5	5	3	4	4	3	4	3	4	2	3	3	3	4	3	3	3	4	4	4				En contratistas sería útil reforzar inducciones cortas sobre riesgos específicos del área.
526	Sin personal a cargo	1. Ingenieros	TITULAR MINERO	LABORATORIO	RAURA								4	4	4	4	4	4	4	4	4	5	5	5	4	5	4	4	4	5	4	3	4	4	3	4	4	4	4	4	5	5				Los controles se cumplen, pero se necesita mejorar la comunicación de lecciones aprendidas.
