N°,Área,Fecha,Personal de dirección,Empresa,Nombre de Empresa o Contrata ,1. Los líderes realizan actividades para fortalecer el compromiso de los trabajadores con la seguridad.,"2. Las medidas correctivas establecidas como resultado de auditorías, fiscalizaciones e inspecciones se cumplen dentro del plazo programado.",3.Las normas de seguridad son respetadas de la misma forma por personal propio y contratistas.,4.Los líderes demuestran comportamientos seguros en su día a día.,5.Los líderes se involucran en las actividades de seguridad.,"6. Los líderes cumplen las normas, estándares y procedimientos de seguridad y salud ocupacional.",7. Los líderes gestionan oportunamente las necesidades o requerimientos de seguridad.,8.  Los líderes supervisan la integración de la seguridad al proceso productivo en las labores diarias.,9.Los líderes corrigen las condiciones inseguras en campo.,"10.Aplico mi derecho a decir que ""No"", cuando es necesario.",11. Detengo mi tarea cuando surge un riesgo que no puedo controlar.,12. Me coloco los equipos de protección personal completos al iniciar una tarea.,"13. Los líderes involucran a los trabajadores en la revisión del IPERC (Identificación de peligros, evaluación de riesgos y controles).",14.En esta empresa se reportan los actos y condiciones subestándar.,15. Todos los estándares y procedimientos son cumplidos sin distinción por el personal propio y contratista.,"16.Los líderes mantienen informados a sus trabajadores en relación a cambios, logros, actividades en general.",17. Puedo hablar con mi superior abiertamente sobre temas de seguridad.,18.El líder comunica avances de la gestión del área y escucha inquietudes de su equipo.,19.Los valores corporativos son entendidos por los trabajadores.,20.Los empleados disponen de buzón u otro mecanismo para plantear ideas y sugerencias para mejorar la seguridad.,21. El comité de seguridad y salud ocupacional mantiene informados a los trabajadores sobre sus actividades.,22. Existen mecanismos efectivos para que los trabajadores propongan mejoras de seguridad en las operaciones.,23.La empresa aplica reconocimientos por desempeño seguro.,"24.Cuando se evidencia el incumplimiento de una norma, se aplican sanciones de acuerdo con el reglamento interno de trabajo.",25.La empresa evalúa el desempeño en seguridad.,26.La capacitación anual obligatoria de seguridad y salud ocupacional que brindan en mi área es efectiva.,27.El comité de seguridad y salud en el trabajo tiene participación en propuestas de mejora.,"28.La empresa realiza mejoras a su infraestructura, herramientas, equipos de trabajo de acuerdo con requerimientos identificados.","29.¿Has identificado los peligros, riesgos y controles a los que está expuesto en casa, los compartes con tu familia?",COMENTARIOS
1,Geologia,07/04/2026,Colaboradores,TItular minero,,4,5,4,5,5,5,4,4,4,5,5,4,4,4,4,4,5,4,3,2,4,4,4,3,4,4,5,4,4,
2,Geologia,07/04/2026,Colaboradores,TItular minero,,3,2,4,4,4,4,3,3,4,5,5,5,3,5,3,3,4,5,4,3,3,4,5,4,4,4,3,3,4,Comentarios por redes sociales
3,Geologia,07/04/2026,Colaboradores,TItular minero,,3,3,4,4,4,4,4,4,4,3,4,5,2,4,4,3,4,4,4,4,3,3,3,4,3,4,3,3,4,Las zonas seguras en caso de sismos
4,Geologia,07/04/2026,Asistentes,TItular minero,,5,4,4,5,5,5,4,5,4,5,5,5,5,5,4,5,5,5,4,4,5,4,4,4,4,4,4,5,4,
5,Geologia,07/04/2026,Asistentes,TItular minero,,4,4,4,5,5,4,4,4,4,5,5,5,4,5,4,4,5,4,3,3,4,3,4,4,4,4,4,4,4,Uso de las escaleras
6,Geologia,07/04/2026,Supervisores,TItular minero,,3,4,5,5,4,4,4,5,4,5,4,5,5,5,5,5,5,5,4,3,4,3,4,4,5,5,5,5,4,
7,Geologia,07/04/2026,Supervisores,TItular minero,,3,4,3,4,4,4,4,4,3,4,4,4,4,4,4,4,4,4,3,3,4,3,3,3,4,4,4,4,4,
8,Geologia,07/04/2026,Superintendentes,TItular minero,,5,5,3,5,4,5,4,4,5,5,5,5,4,4,4,5,5,5,4,5,4,4,4,3,5,5,5,4,5,
9,Geologia,07/04/2026,Jefe de área,TItular minero,,5,5,4,5,5,5,4,4,5,5,5,5,4,5,4,5,5,5,4,5,5,5,2,4,4,5,5,5,5,Uso de extintores en el condomio y uso de los 3 puntos de apoyo. 
10,Geologia,07/04/2026,Supervisores,TItular minero,,5,5,5,5,5,5,5,5,4,5,5,5,5,5,5,5,5,5,4,5,5,5,5,4,5,5,5,5,4,"Pisos resbalosos, usar tres puntos de apoyo, caminar sin el celular."
11,Geologia,07/04/2026,Ingenieros,TItular minero,,2,4,4,4,4,4,4,4,4,4,5,5,5,5,4,5,4,3,4,1,4,4,4,4,4,5,4,4,5,Conversamos sobre la importancia de seguridad 
12,Geologia,07/04/2026,Ingenieros,TItular minero,,5,4,4,5,5,5,5,5,4,5,5,5,4,5,5,4,5,5,4,3,5,5,4,4,5,4,5,5,4,Uso correcto de epps 
13,Geologia,07/04/2026,Supervisores,TItular minero,,3,4,5,5,4,4,4,5,4,5,4,5,5,5,5,5,5,5,4,3,4,3,4,4,5,5,5,5,4,
14,Geologia,08/04/2026,Gerentes,TItular minero,,4,4,4,4,5,4,4,5,4,5,5,5,4,5,5,4,4,4,4,5,4,4,5,5,5,5,4,4,4,Ubicaión del gas propano (lejos de la cocina)
15,Geologia,09/04/2026,Ingenieros,Empresa contratista,,5,4,4,4,4,4,4,4,4,5,5,4,4,4,4,5,5,4,4,5,5,5,5,4,5,5,5,4,5,"En casa se tiene un botiquien,extintor y respetar las señales de transito. "
16,Geologia,09/04/2026,Ingenieros,Empresa contratista,,4,5,3,4,4,3,4,4,5,4,5,5,4,5,4,4,5,4,3,3,3,4,5,4,5,4,4,4,3,Importancia de implementar un extintor por los accidentes transmitidos en TV. 
17,Geologia,09/04/2026,Colaboradores,Empresa contratista,,3,2,5,3,5,5,5,5,3,5,4,5,5,5,4,5,5,5,5,4,3,4,5,3,4,4,4,,4,Respetar la señalización
18,Geologia,09/04/2026,Jefe de área,Empresa contratista,,4,4,4,4,4,4,4,4,5,5,4,5,5,5,4,4,4,5,4,4,4,4,4,4,5,4,4,4,4,Aislando las canaletas de cables electricos
19,Geologia,09/04/2026,Supervisores,Empresa contratista,,4,3,4,4,3,4,4,5,4,3,2,4,5,4,4,4,5,4,4,3,5,4,4,3,4,4,4,3,4,practicando las 5s
20,Geologia,09/04/2026,Colaboradores,Empresa contratista,,4,3,3,4,4,4,5,4,5,4,5,5,5,5,4,3,4,3,5,2,3,4,5,4,5,4,4,4,3,Conversa sobre los riesgos que se pueda pasar por inseguridad 
21,Geologia,09/04/2026,Supervisores,Empresa contratista,,5,4,5,5,5,4,3,3,4,5,5,5,5,5,5,4,4,3,4,2,3,3,,4,5,4,3,2,5,
22,Geologia,09/04/2026,Colaboradores,Empresa contratista,,5,5,5,5,5,5,5,5,2,5,5,5,5,5,5,5,5,5,5,5,5,5,2,5,5,4,3,2,5,Uso de tres puntos de apoyo
23,Geologia,09/04/2026,Supervisores,Empresa contratista,,3,4,4,4,4,4,4,4,4,4,4,5,5,5,4,5,3,4,4,5,4,4,3,4,4,5,4,2,4,hablar sobre la descarga de energia de algun interruptor
24,Geologia,09/04/2026,Colaboradores,Empresa contratista,,3,3,5,5,5,5,4,5,5,4,5,5,5,5,5,5,5,5,5,4,4,3,5,5,5,5,4,4,5,Le explico a mis  hijos la manipulación de cosas electricas y subir o bajar escaleras
25,Geologia,09/04/2026,Supervisores,Empresa contratista,,4,4,5,5,5,5,4,5,5,5,5,4,5,5,5,5,5,5,5,4,4,4,4,5,5,5,4,3,5,Le enseño a mis hijos a valorarnos como personas
26,Planta Concentradora,10/04/2026,Colaboradores,TItular minero,,2,3,2,3,2,2,2,2,2,3,4,5,3,3,2,2,3,3,3,2,2,3,2,3,2,3,2,2,4,
27,Planta Concentradora,10/04/2026,Colaboradores,TItular minero,,5,3,5,5,5,5,5,3,5,4,5,5,5,5,5,3,5,5,3,3,5,3,3,5,5,5,5,2,5,
28,Planta Concentradora,10/04/2026,Colaboradores,TItular minero,,5,5,5,5,5,5,5,5,3,5,5,5,5,5,5,5,5,5,5,5,5,5,5,5,5,5,5,5,3,La seguridad es importante
29,Planta Concentradora,10/04/2026,Ingenieros,TItular minero,,5,5,5,5,5,5,5,5,5,5,5,5,5,5,5,5,5,5,5,5,5,5,5,5,5,5,5,5,5,Si hablar de los 3 puntos de apoyo
30,Planta Concentradora,10/04/2026,Colaboradores,TItular minero,,3,3,4,3,4,4,3,4,4,5,3,5,4,5,4,3,5,5,4,3,3,4,2,4,4,4,5,3,5,Sobre los 3 puntos de apoyo en las escaleras
31,Planta Concentradora,10/04/2026,Colaboradores,TItular minero,,2,3,3,1,2,2,3,3,2,4,4,4,3,3,4,4,4,4,3,2,2,2,2,4,3,3,4,2,4,Barandas en mi casa 
32,Planta Concentradora,10/04/2026,Supervisores,TItular minero,,5,5,5,5,5,5,5,5,5,5,5,5,5,5,5,5,5,5,5,5,5,5,5,5,5,5,5,5,5,"Si, en el tema del gas, la apetura de la valvula al momento de utilizar la cocina es muy importante rotular"
33,Planta Concentradora,10/04/2026,Colaboradores,TItular minero,,2,3,2,3,2,3,2,3,2,5,2,3,2,4,2,4,4,3,4,3,4,3,3,3,4,3,4,3,4,Con señalizaciones para ccualquier emergencia
34,Planta Concentradora,10/04/2026,Colaboradores,TItular minero,,5,5,5,5,5,5,5,5,5,5,5,5,5,4,5,5,5,4,5,5,5,5,5,5,5,5,5,5,5,El uso de los tres puntos apoyo y el uso de extintor
35,Planta Concentradora,10/04/2026,Colaboradores,TItular minero,,3,4,5,5,5,5,5,5,4,5,5,5,4,5,5,5,5,5,5,5,5,5,5,5,5,5,5,5,5,Estamos bien en casa 
36,Mina,10/04/2026,Colaboradores,TItular minero,,3,3,2,1,2,2,1,1,1,2,3,5,3,3,3,3,3,2,1,2,2,2,2,2,3,3,3,4,0,
37,Mina,10/04/2026,Ingenieros,TItular minero,,4,4,5,4,5,4,4,5,4,5,5,5,5,5,5,5,5,4,4,3,3,4,4,5,4,4,4,4,4,
38,Mina,10/04/2026,Ingenieros,TItular minero,,4,4,4,4,4,4,4,4,4,4,4,5,4,5,4,5,5,4,5,4,5,3,4,4,4,4,5,4,3,Me falta un botiquin 
39,Mina,10/04/2026,Jefe de área,TItular minero,,5,4,5,5,5,5,5,5,4,4,5,5,4,5,5,5,5,5,5,3,3,5,5,2,4,4,3,3,4,
40,Mina,10/04/2026,Jefe de área,TItular minero,,5,4,4,4,4,4,4,4,5,4,4,5,4,5,4,5,5,4,5,4,5,3,4,4,4,4,5,4,4,
41,Mina,10/04/2026,Asistentes,TItular minero,,5,4,4,4,4,4,4,4,5,4,4,5,4,5,4,5,5,4,5,4,5,3,4,4,4,4,5,4,4,Me falta un extintor
42,Mina,10/04/2026,Supervisores,Empresa contratista,Incimment,3,4,4,4,4,4,4,4,4,4,4,4,4,4,4,4,4,4,4,4,4,4,4,4,4,4,4,4,4,
43,Mina,10/04/2026,Colaboradores,Empresa contratista,Incimment,5,4,2,5,5,5,4,5,4,5,5,5,4,5,5,5,5,5,4,5,4,5,4,5,4,4,4,4,5,
44,Mina,10/04/2026,Colaboradores,Empresa contratista,Incimment,5,4,5,5,4,4,4,4,5,5,5,5,4,4,4,4,5,5,4,4,4,4,4,4,4,4,4,4,5,
45,Mina,10/04/2026, Jefe de zona,Empresa contratista,Incimment,5,5,5,5,5,5,5,4,4,5,5,5,5,5,5,5,5,5,4,5,5,5,5,5,5,5,5,5,5,
46,Mina,10/04/2026,Colaboradores,Empresa contratista,Incimment,4,4,5,4,5,4,4,4,4,5,5,5,4,4,4,4,4,4,4,4,3,4,3,4,4,4,3,4,5,
47,Mina,10/04/2026,Colaboradores,Empresa contratista,Incimment,5,4,5,4,4,5,4,5,3,5,5,5,3,4,5,5,3,4,5,3,3,3,5,3,5,5,3,5,0,
48,Mina,10/04/2026,Colaboradores,Empresa contratista,Incimment,4,4,5,4,4,4,4,4,4,5,5,5,4,4,5,4,5,4,5,5,5,5,4,4,4,4,4,4,4,
49,Mina,10/04/2026,Colaboradores,Empresa contratista,Incimment,4,4,5,3,4,3,4,4,4,5,5,5,4,4,4,4,5,4,4,4,3,4,4,4,4,4,3,4,5,
50,Mina,10/04/2026,Colaboradores,Empresa contratista,Incimment,5,5,5,5,4,4,5,5,4,5,5,5,5,4,4,5,5,4,5,5,4,5,4,5,5,5,5,5,5,
51,Mina,11/04/2026,Colaboradores,Empresa contratista,Incimment,5,5,4,4,5,5,5,5,5,5,5,4,5,5,4,5,5,5,5,5,4,5,3,5,5,5,5,5,4,Exposición a equipos moviles
52,Mina,10/04/2026,Colaboradores,Empresa contratista,Incimment,5,5,5,5,5,4,5,5,5,5,5,5,5,5,5,5,4,5,5,5,5,5,5,5,5,5,5,5,5,
53,Mina,10/04/2026,Colaboradores,Empresa contratista,Incimment,4,5,5,4,3,4,4,4,4,5,5,5,4,5,4,5,4,4,4,4,4,4,4,4,4,5,4,5,5,
54,Mina,10/04/2026,Colaboradores,Empresa contratista,Incimment,5,5,5,5,5,5,5,5,5,5,5,5,5,5,5,5,5,5,5,5,5,4,5,5,5,5,5,5,4,Coloco tapones en los tomacorrientes
55,Mina,10/04/2026,Colaboradores,Empresa contratista,Incimment,4,5,4,4,4,4,4,4,4,4,4,4,4,4,4,4,5,5,4,5,4,4,5,3,4,4,4,4,4,Colocar protectores en las esquinas de los muebles
56,Mina,10/04/2026,Colaboradores,Empresa contratista,Incimment,5,5,5,5,5,5,5,5,5,5,5,5,5,5,5,5,5,5,5,5,5,5,5,5,5,5,5,5,5,
57,Mina,10/04/2026,Colaboradores,Empresa contratista,Incimment,5,5,5,4,4,5,5,5,5,5,5,5,5,5,5,5,5,5,5,5,5,5,5,5,5,5,5,5,5,
58,Mina,10/04/2026,Jefe de área,Empresa contratista,Incimment,4,5,5,5,5,5,5,5,4,5,5,5,5,5,5,5,5,4,4,5,4,4,5,4,5,5,5,5,5,
59,Mina,10/04/2026,Colaboradores,Empresa contratista,Incimment,5,4,4,5,5,4,4,5,5,5,5,5,5,5,5,5,4,5,5,5,4,5,5,5,5,5,5,5,5,Comunicación como cruzar las pistas
60,Mina,10/04/2026,Colaboradores,Empresa contratista,Incimment,4,4,4,5,5,5,5,5,5,4,3,5,5,4,4,4,5,5,5,4,4,4,4,4,4,4,4,5,4,
61,Mina,10/04/2026,Colaboradores,Empresa contratista,Incimment,4,4,4,4,4,4,4,5,5,4,5,5,5,5,5,5,5,5,5,5,3,4,5,4,4,4,2,5,5,
62,Mina,11/04/2026,Colaboradores,Empresa contratista,Incimment,4,4,5,5,5,5,5,5,5,5,5,5,5,5,4,5,5,5,5,5,4,5,4,5,5,4,4,4,4,
63,Mina,10/04/2026,Jefe de área,Empresa contratista,Incimment,5,4,5,4,4,5,4,4,5,4,4,5,4,4,4,5,5,4,4,5,5,4,5,4,5,5,5,5,5,
64,Mina,10/04/2026,Colaboradores,Empresa contratista,Incimment,4,5,4,5,5,5,5,5,5,5,5,5,5,5,5,5,5,5,4,5,5,5,5,5,5,5,5,5,5,
65,Mina,10/04/2026,Colaboradores,Empresa contratista,Incimment,5,5,5,5,5,5,5,5,5,5,5,5,5,5,5,5,5,5,5,5,5,5,5,4,5,5,5,5,5,
66,Proyectos,12/04/2026,Superintendentes,TItular minero,Raura,5,5,5,5,5,5,4,4,5,5,5,5,4,5,5,5,5,5,4,3,3,5,5,5,5,5,3,3,5,
67,Proyectos,12/04/2026,Jefe de área,TItular minero,Raura,4,5,3,4,3,4,4,4,4,5,5,5,4,5,4,4,5,5,5,5,4,4,4,4,4,4,4,4,4,
68,Proyectos,12/04/2026,Supervisores,TItular minero,Raura,4,4,4,3,3,4,4,4,4,3,5,4,4,4,4,4,4,4,4,4,4,4,3,3,4,3,4,4,3,
69,Planeamiento ,11/04/2026,Ingenieros,TItular minero,Raura,4,4,5,5,5,5,5,4,5,5,5,5,5,5,5,5,5,5,5,4,5,4,3,4,5,4,5,5,4,En casa siempre hablamos de medidas de seguridad 
70,Planeamiento ,11/04/2026,Ingenieros,TItular minero,Raura,4,4,4,4,4,4,5,4,4,4,5,5,5,4,3,5,5,4,4,3,3,3,4,4,5,4,2,4,5,Aplicar lo aprendido por ejemplo Trisafe
71,Planeamiento ,11/04/2026,Jefe de área,TItular minero,Raura,4,4,4,4,4,4,3,3,3,4,4,5,4,4,4,4,4,3,4,2,3,3,2,4,4,4,4,4,4,
72,Planeamiento ,11/04/2026,Colaboradores,TItular minero,Raura,4,4,3,3,3,3,3,3,3,4,5,5,3,4,4,4,5,4,4,2,3,3,3,3,3,4,3,4,5,
73,Planeamiento ,11/04/2026,Colaboradores,TItular minero,Raura,4,4,4,4,5,4,4,4,5,5,4,5,4,4,5,4,5,4,4,4,5,4,4,4,5,4,4,4,4,"Deben compartir los accidentes, incidentes"
74,Planeamiento ,11/04/2026,Supervisores,TItular minero,Raura,2,3,4,3,3,3,4,3,2,5,5,5,3,5,5,2,5,5,5,5,5,5,5,4,4,4,4,4,4,
75,Planeamiento ,11/04/2026,Colaboradores,TItular minero,Raura,2,4,1,3,2,2,1,1,1,4,5,5,2,3,4,1,3,3,2,1,1,1,1,2,2,2,1,1,5,El no tener exceso de confianza
76,Planeamiento ,11/04/2026,Colaboradores,TItular minero,Raura,3,3,4,4,4,4,4,4,4,4,5,5,5,5,5,5,4,4,4,3,4,4,3,1,4,4,4,4,1,
77,Planeamiento ,11/04/2026,Colaboradores,TItular minero,Raura,4,4,5,5,4,4,3,3,4,5,5,5,4,5,4,2,4,3,3,4,4,3,1,4,2,2,3,2,5,Saber como cuidar el bienestar de tu familia 
78,Proyectos,12/04/2026,Supervisores,TItular minero,Raura,4,4,3,4,4,4,4,4,4,3,5,5,4,5,4,5,4,4,4,4,4,4,4,4,4,4,4,4,5,Intento cumplir estandares en casa 
79,Proyectos,12/04/2026,Ingenieros,TItular minero,Raura,5,5,5,5,5,5,5,5,5,4,5,5,5,5,5,5,5,5,4,5,5,5,5,5,5,5,5,4,5,Tengo zonas señalizadas en casa 
80,Mina,12/04/2026,Ingenieros,Empresa contratista,Unitec,5,5,5,5,5,5,5,5,5,3,4,5,5,5,5,5,5,5,5,3,5,5,4,5,5,5,5,5,3,
81,Mina,11/04/2026,Ingenieros,Empresa contratista,Unitec,4,4,5,4,4,4,5,5,4,4,5,5,4,4,5,5,4,4,4,4,5,4,5,4,4,4,5,4,4,Las vias de salida muchas veces no stan libres
82,Mina,11/04/2026,Colaboradores,Empresa contratista,Unitec,4,4,5,5,3,4,5,4,4,2,5,5,4,5,4,4,4,4,3,3,2,3,3,3,3,4,1,3,3,
83,Mina,11/04/2026,Colaboradores,Empresa contratista,Unitec,4,2,3,4,4,4,4,3,5,4,5,5,4,3,3,3,3,3,3,3,2,4,3,3,2,2,2,3,5,
84,Mina,11/04/2026,Colaboradores,Empresa contratista,Unitec,3,5,4,4,5,4,3,2,5,4,5,5,4,4,4,3,5,5,4,2,3,2,4,4,5,4,3,4,4,Siempre ver primero nuestra integridad 
85,Mina,11/04/2026,Ingenieros,Empresa contratista,Unitec,4,5,4,5,5,5,4,5,5,4,5,5,5,5,5,4,4,4,4,5,3,3,3,5,5,3,3,4,5,
86,Mina,11/04/2026,Colaboradores,Empresa contratista,Unitec,4,3,4,3,4,4,4,4,3,4,3,4,5,5,4,4,5,4,4,5,4,4,4,4,3,3,3,4,4,
87,Mina,11/04/2026,Colaboradores,Empresa contratista,Unitec,4,4,4,4,2,3,3,3,4,5,5,5,3,4,4,5,5,4,4,4,2,4,2,1,4,4,2,2,5,
88,Mina,11/04/2026,Asistentes,Empresa contratista,Unitec,4,5,5,5,5,5,5,5,5,5,4,5,4,4,4,5,4,5,4,4,5,5,5,5,5,4,5,5,5,La seguridad es muy importante y debemos practicarlo ya sea en el trabajo como en la vida cotidiana
89,Mina,11/04/2026,Ingenieros,Empresa contratista,Unitec,4,4,4,5,4,4,4,4,4,5,4,5,5,4,5,4,5,4,4,2,4,4,4,5,4,4,5,4,4,Siempre comunicamos un peligro que puede existir
90,Mina,10/04/2026, Jefe de zona,Empresa contratista,Unitec,4,4,4,5,4,5,4,5,4,5,5,5,5,3,5,5,4,4,3,4,4,5,3,4,3,4,4,4,5,Siempre se realizan los trabajaos con seguridad
91,Mina,12/04/2026,Colaboradores,Empresa contratista,Aesa,5,5,5,1,5,5,5,5,5,5,5,5,5,5,5,5,5,1,1,5,5,5,5,5,5,5,5,5,5,
92,Mina,12/04/2026,Colaboradores,Empresa contratista,Aesa,2,3,3,1,3,4,2,4,2,5,5,5,4,5,3,2,2,3,4,3,2,2,2,2,3,3,3,2,2,
93,Mina,12/04/2026,Colaboradores,Empresa contratista,Aesa,2,2,2,1,3,4,3,2,3,2,3,2,3,2,3,2,3,3,2,3,3,2,2,2,4,3,3,3,3,Donde quiera que vamos es con seguridad
94,Mina,12/04/2026,Colaboradores,Empresa contratista,Aesa,2,3,2,3,2,3,3,3,3,5,5,5,3,4,4,2,2,2,3,1,2,2,1,2,2,2,3,2,4,
95,Mina,12/04/2026,Colaboradores,Empresa contratista,Aesa,3,2,3,3,3,2,3,3,3,2,4,4,3,4,3,3,4,3,4,3,2,2,3,3,3,2,3,2,4,
96,Mina,12/04/2026,Colaboradores,Empresa contratista,Aesa,2,3,4,3,4,4,4,4,5,5,4,4,5,4,4,3,4,3,4,4,2,3,2,3,4,5,3,3,5,
97,Mina,12/04/2026,Colaboradores,Empresa contratista,Aesa,2,2,2,2,2,2,2,2,2,2,2,3,2,2,2,2,4,3,2,2,2,2,2,3,3,3,3,3,3,Tenemos que mejorar cada dia 
98,Mina,12/04/2026,Colaboradores,Empresa contratista,Aesa,2,2,2,1,2,3,3,2,2,3,4,4,4,3,4,2,3,3,2,3,3,2,1,4,3,4,4,3,4,"Donde sea que vamos, siempre con seguirdad "
99,Mina,12/04/2026,Colaboradores,Empresa contratista,Aesa,4,3,4,4,4,5,5,4,5,5,5,5,5,5,5,4,5,4,5,3,5,4,3,5,3,5,4,3,3,
100,Mina,12/04/2026,Colaboradores,Empresa contratista,Aesa,2,5,4,3,3,3,3,3,3,3,4,5,4,4,3,3,4,4,3,3,3,2,2,4,3,4,3,2,4,Si al momento de bajar las escaleras y manipular los artefactos
101,Mina,12/04/2026,Colaboradores,Empresa contratista,Aesa,1,1,1,1,3,3,3,3,3,3,3,5,3,3,1,1,3,2,5,1,1,1,2,5,3,1,1,1,1,
102,Mina,12/04/2026,Colaboradores,Empresa contratista,Aesa,1,1,3,2,2,2,1,1,1,4,4,5,4,2,3,1,2,1,2,1,1,1,3,1,2,4,4,4,4,
103,Mina,12/04/2026,Colaboradores,Empresa contratista,Aesa,3,1,2,3,3,3,3,3,3,4,3,4,4,4,2,3,3,4,4,4,4,4,4,4,4,4,4,4,5,Los de compañia obligan la seguridad cuando sus trabajadores no lo hacen 
104,Mina,12/04/2026,Colaboradores,Empresa contratista,Aesa,2,2,3,2,3,3,3,3,4,4,5,5,2,4,3,4,2,4,5,3,3,4,4,5,5,4,4,3,5,
105,Mina,12/04/2026,Colaboradores,Empresa contratista,Aesa,3,3,2,2,1,2,2,2,1,5,5,5,3,5,5,2,3,2,3,3,3,3,5,3,3,2,3,3,5,
106,Mina,12/04/2026,Colaboradores,Empresa contratista,Aesa,1,2,3,2,2,2,3,5,3,5,5,5,5,5,5,3,5,4,4,4,5,5,3,4,5,5,5,5,5,
107,Mina,12/04/2026,Colaboradores,Empresa contratista,Aesa,1,2,2,1,5,5,4,4,1,5,5,5,2,5,3,2,1,3,5,1,1,5,5,5,5,3,3,5,5,
108,Mina,12/04/2026,Colaboradores,Empresa contratista,Aesa,3,3,3,3,3,3,3,3,3,3,3,3,3,3,3,3,1,1,2,1,2,3,3,4,2,2,1,3,4,
109,Mina,12/04/2026,Colaboradores,Empresa contratista,Aesa,1,2,2,3,3,3,3,2,5,3,5,5,2,5,4,2,4,2,4,2,4,4,4,4,3,3,4,3,1,
110,Mina,12/04/2026,Colaboradores,Empresa contratista,Aesa,2,3,2,1,2,2,3,3,3,2,3,5,2,4,3,3,3,3,4,1,1,3,3,3,2,3,3,2,5,
111,Mina,12/04/2026,Colaboradores,Empresa contratista,Aesa,3,4,4,2,2,2,2,3,2,5,4,3,3,5,4,3,3,2,4,2,2,2,4,5,2,2,4,2,4,
112,Mina,12/04/2026,Colaboradores,Empresa contratista,Aesa,2,3,3,2,2,3,3,3,3,2,2,4,3,4,3,4,3,3,4,3,4,3,1,3,2,4,2,2,4,
113,Mina,12/04/2026,Colaboradores,Empresa contratista,Aesa,4,5,5,5,3,5,2,5,5,5,5,5,5,5,5,5,5,5,5,5,5,5,5,4,5,5,5,5,5,
114,Mina,12/04/2026,Colaboradores,Empresa contratista,Aesa,4,4,5,4,5,4,4,4,4,5,5,5,5,5,5,4,4,4,4,4,4,4,4,5,5,5,5,5,5,
115,Mina,12/04/2026,Colaboradores,Empresa contratista,Aesa,2,2,5,3,4,3,4,4,4,5,5,5,4,5,5,4,4,4,5,3,4,4,5,4,5,5,4,5,5,
116,Mina,12/04/2026,Colaboradores,Empresa contratista,Aesa,2,3,2,3,2,3,3,2,2,2,3,5,5,5,5,5,2,3,5,3,5,5,4,3,5,5,5,5,5,
117,Mina,12/04/2026,Colaboradores,Empresa contratista,Aesa,5,4,4,4,5,5,5,4,4,5,5,4,5,4,4,4,5,4,4,4,3,2,2,2,3,3,3,3,5,
118,Mina,12/04/2026,Supervisores,Empresa contratista,Aesa,4,3,4,4,4,3,3,4,3,4,4,5,3,4,3,4,5,4,3,3,3,3,4,4,4,3,3,3,3,
119,Mina,12/04/2026,Colaboradores,Empresa contratista,Aesa,2,4,2,3,3,3,3,3,2,4,5,5,5,3,3,5,3,4,3,3,3,3,4,3,3,4,3,3,5,
120,Mina,12/04/2026,Colaboradores,Empresa contratista,Aesa,1,4,4,4,4,5,3,2,4,5,4,5,5,5,5,5,5,4,5,1,3,2,4,5,5,1,1,3,5,
121,Mina,12/04/2026,Colaboradores,Empresa contratista,Aesa,2,4,3,4,4,4,3,3,4,5,5,5,3,5,5,4,5,4,5,2,3,1,4,5,5,2,2,3,3,"mejorar ventilacion, mejorar pasar el monoxido de los equipos"
122,Mina,12/04/2026,Colaboradores,Empresa contratista,Aesa,3,2,1,1,2,3,2,2,3,5,5,3,3,3,2,1,2,3,3,2,2,1,2,1,2,2,1,1,4,
123,Mina,12/04/2026,Colaboradores,Empresa contratista,Aesa,2,4,3,5,4,4,4,3,3,5,4,5,1,4,4,5,4,3,4,4,4,3,3,5,4,2,2,4,3,Se requiere supervisión constante en el área de linea amarilla
124,Mina,12/04/2026,Colaboradores,Empresa contratista,Aesa,2,3,4,2,2,3,1,1,2,4,4,4,4,4,4,3,3,2,3,4,3,1,4,2,3,3,3,3,3,Se requiere una reestruccturación en linea amarilla de personal operativo mas comunicación
125,Mina,12/04/2026,Colaboradores,Empresa contratista,Aesa,3,5,2,2,2,2,3,2,3,5,4,5,3,2,2,2,2,2,4,2,2,2,2,4,3,3,2,2,3,
126,Mina,12/04/2026,Colaboradores,Empresa contratista,Aesa,4,4,3,4,3,3,3,4,3,4,3,4,4,4,4,3,2,3,4,3,4,3,3,4,4,3,3,4,5,
127,Mina,12/04/2026,Colaboradores,Empresa contratista,Aesa,5,1,1,1,1,1,1,1,1,5,1,1,1,5,5,5,1,1,1,1,5,5,1,1,5,1,1,1,5,
128,Mina,12/04/2026,Colaboradores,Empresa contratista,Aesa,3,4,3,4,3,4,4,3,3,4,4,4,4,4,3,4,4,4,3,3,3,3,2,2,2,2,3,3,3,Las normas se deben cumplir tanto en compañia como en contrata
129,Mina,12/04/2026,Supervisores,Empresa contratista,Aesa,5,3,4,4,4,4,4,4,4,5,5,5,5,5,4,5,5,5,4,2,3,4,2,5,4,4,3,3,4,
130,Mina,12/04/2026,Supervisores,Empresa contratista,Aesa,3,2,2,4,4,4,4,4,5,5,5,5,4,5,4,2,4,4,4,1,3,4,2,4,4,4,2,2,5,
131,Mina,12/04/2026,Colaboradores,Empresa contratista,Aesa,3,4,4,4,3,4,4,4,4,4,4,5,4,4,4,4,4,4,4,3,4,4,3,4,4,4,4,3,4,
132,Mina,12/04/2026,Colaboradores,Empresa contratista,Aesa,4,3,4,4,4,4,4,4,5,5,4,5,4,4,4,4,4,3,4,3,3,3,3,4,3,4,3,2,3,
133,Mina,12/04/2026,Colaboradores,Empresa contratista,Aesa,3,4,4,5,4,3,4,4,3,4,4,5,4,2,3,4,4,3,3,2,1,2,3,3,3,3,2,1,3,
134,Mina,12/04/2026,Colaboradores,Empresa contratista,Aesa,4,3,5,3,4,5,4,5,5,5,4,5,3,4,4,5,4,3,4,3,4,3,4,2,3,3,4,4,3,
135,Mina,12/04/2026,Colaboradores,Empresa contratista,Aesa,4,3,4,4,4,3,4,3,4,5,3,4,3,4,4,4,4,4,3,3,3,3,4,3,4,3,3,4,4,
136,Mina,12/04/2026,Colaboradores,Empresa contratista,Aesa,4,3,3,3,3,3,3,2,3,3,3,3,3,4,3,3,3,4,3,5,3,3,3,3,1,3,2,3,3,
137,Mina,12/04/2026,Colaboradores,Empresa contratista,Aesa,5,5,4,4,4,3,3,3,3,5,5,5,5,5,5,5,5,5,5,4,4,4,5,5,5,5,5,5,5,
138,Mina,12/04/2026,Colaboradores,Empresa contratista,Aesa,4,4,5,4,4,4,4,5,5,5,5,5,4,5,4,4,4,4,4,4,4,4,4,5,4,4,4,3,4,
139,Mina,12/04/2026,Colaboradores,Empresa contratista,Aesa,5,5,5,5,5,5,5,5,5,5,5,5,5,4,4,5,5,5,4,5,5,5,5,5,5,5,5,5,5,
140,Mina,12/04/2026,Colaboradores,Empresa contratista,Aesa,5,4,5,5,5,5,5,5,5,5,5,5,4,4,5,5,5,5,5,5,4,5,5,4,5,4,5,5,5,
141,Mina,12/04/2026,Colaboradores,Empresa contratista,Aesa,5,5,5,5,5,5,5,5,5,5,5,5,5,5,5,5,5,5,5,5,5,5,5,5,5,5,5,5,5,
142,Mina,12/04/2026,Colaboradores,Empresa contratista,Aesa,5,5,5,4,5,5,5,5,4,5,5,5,5,5,5,5,5,5,5,5,5,5,5,5,5,5,5,5,5,
143,Mina,12/04/2026,Colaboradores,Empresa contratista,Aesa,5,5,5,4,5,5,5,5,5,5,5,5,5,5,5,4,5,5,5,5,5,5,3,5,4,4,5,5,5,
144,Mina,12/04/2026,Colaboradores,Empresa contratista,Aesa,4,3,3,4,4,4,3,4,4,5,4,5,5,4,4,5,4,4,3,3,3,4,4,4,3,3,3,3,3,
145,Mina,12/04/2026,Colaboradores,Empresa contratista,Aesa,3,3,2,4,3,2,2,3,2,4,4,5,1,2,3,3,4,3,4,2,1,2,1,3,2,2,2,3,4,
146,Mina,12/04/2026,Colaboradores,Empresa contratista,Aesa,2,2,2,2,3,3,3,3,3,3,5,3,3,3,3,3,3,3,3,1,3,1,3,3,3,3,3,3,4,Mejorar las propuestas de bienestar delos rrabajadores
147,Mina,12/04/2025,Colaboradores,Empresa contratista,Aesa,3,2,4,3,4,4,3,4,3,4,3,5,4,4,4,4,4,4,2,3,3,3,3,4,3,3,3,2,4,
148,Mina,12/04/2026,Colaboradores,Empresa contratista,Aesa,2,2,3,2,2,2,2,3,2,3,3,4,3,3,2,3,3,3,2,2,3,2,3,3,2,2,3,2,4,
149,Mina,12/04/2026,Colaboradores,Empresa contratista,Aesa,4,2,2,3,2,2,2,1,2,4,3,5,4,5,4,5,3,3,2,4,2,4,4,4,2,3,3,3,1,
150,Mina,12/04/2026,Colaboradores,Empresa contratista,Aesa,2,1,5,2,2,3,4,4,4,3,4,2,2,5,5,3,3,3,4,4,4,2,2,3,2,3,3,3,4,
151,Mina,12/04/2026,Colaboradores,Empresa contratista,Aesa,2,3,5,5,4,4,4,4,5,5,5,5,3,3,4,4,4,4,5,4,4,5,5,5,5,5,5,5,5,
152,Mina,12/04/2026,Colaboradores,Empresa contratista,Aesa,3,4,4,4,4,4,4,4,4,5,5,5,5,4,4,5,3,3,3,3,4,3,4,4,4,3,3,3,5,
153,Mina,12/04/2026,Colaboradores,Empresa contratista,Aesa,3,3,4,4,4,4,4,4,3,3,3,5,3,3,4,3,3,3,4,2,3,3,3,4,3,3,3,3,4,
154,Mina,12/04/2026,Colaboradores,Empresa contratista,Aesa,3,3,4,4,4,3,3,4,4,5,5,5,4,3,3,4,5,4,4,3,4,3,3,4,4,2,3,2,4,
155,Mina,12/04/2026,Colaboradores,Empresa contratista,Aesa,3,3,2,2,2,2,2,4,2,3,5,5,5,2,2,4,5,4,5,4,3,3,3,3,3,4,2,2,5,
156,Mina,12/04/2026,Colaboradores,Empresa contratista,Aesa,3,3,4,3,4,4,4,4,3,4,5,5,5,4,4,4,4,4,4,3,4,2,4,3,3,4,3,4,5,
157,Mina,12/04/2026,Colaboradores,Empresa contratista,Aesa,3,4,3,3,4,4,3,4,4,5,4,5,4,4,4,4,4,4,3,3,2,3,3,4,4,4,4,3,3,
158,Mina,12/04/2026,Colaboradores,Empresa contratista,Aesa,2,2,2,2,3,3,3,2,3,5,5,5,3,2,3,2,3,3,4,4,3,3,4,3,3,3,3,3,5,
159,Mina,12/04/2026,Colaboradores,Empresa contratista,Aesa,4,3,3,4,3,2,3,4,3,4,5,5,4,4,4,3,3,2,3,4,3,3,4,2,3,4,3,2,5,
160,Mina,12/04/2026,Colaboradores,Empresa contratista,Aesa,3,3,2,3,3,2,3,3,2,4,4,5,4,5,4,4,5,4,4,3,4,4,4,4,3,3,3,2,4,
161,Mina,12/04/2026,Colaboradores,Empresa contratista,Aesa,4,4,4,3,4,3,3,4,5,5,5,5,5,5,4,4,4,4,4,5,5,5,4,4,5,5,4,4,4,
162,Mina,12/04/2026,Colaboradores,Empresa contratista,Aesa,2,1,3,1,1,1,2,2,1,2,3,5,1,2,3,1,2,2,3,1,2,2,1,4,3,3,2,1,4,
163,Mina,12/04/2026,Colaboradores,Empresa contratista,Aesa,3,3,2,1,2,3,2,3,3,2,4,5,4,4,4,3,3,3,3,2,1,3,2,5,3,1,3,1,3,
164,Mina,12/04/2026,Colaboradores,Empresa contratista,Aesa,2,2,3,2,3,3,3,3,3,4,4,5,3,4,3,3,3,3,4,3,3,3,3,3,3,3,3,3,4,Que los supervisores lleven curso de liderazgo y psicologia laboral 
165,Mina,12/04/2026,Colaboradores,Empresa contratista,Aesa,3,2,4,4,4,4,3,3,3,5,5,5,4,5,4,4,4,4,4,3,3,4,3,5,4,4,3,3,5,
166,Mina,12/04/2026,Colaboradores,Empresa contratista,Aesa,4,5,4,5,4,5,5,4,4,5,5,5,5,5,4,5,5,5,5,5,5,4,4,5,5,5,4,5,5,
167,Mina,12/04/2026,Colaboradores,Empresa contratista,Aesa,2,2,4,2,2,2,2,2,2,5,5,5,5,4,3,2,2,3,2,2,1,2,3,4,2,3,1,2,5,El peligro esta en todos lados es importante la informacion y experiencia
168,Mina,12/04/2026,Colaboradores,Empresa contratista,Aesa,3,5,4,5,5,5,5,4,4,5,5,5,5,5,5,5,5,5,5,5,5,5,5,5,5,4,4,4,5,En una auditoria deberia ser todo transparente no ocultar condiciones de trabajo
169,Mina,12/04/2026,Colaboradores,Empresa contratista,Aesa,4,3,4,4,4,5,4,4,3,5,4,4,4,4,4,4,5,4,4,4,4,3,4,4,5,4,4,5,5,Hacer seguimiento estricto a los supervisores que cumplan los procedimientos 
170,Mina,12/04/2026,Colaboradores,Empresa contratista,Aesa,2,4,3,4,4,4,3,3,4,5,5,5,4,5,5,5,5,4,5,1,3,1,4,5,5,2,2,3,3,Por mi parte solicito mas visitas del área de seguridad al area linea amarilla 
171,Mina,12/04/2026,Colaboradores,Empresa contratista,Aesa,2,2,4,5,5,5,4,5,5,5,5,5,4,5,5,5,5,5,4,3,3,4,2,5,2,5,3,2,5,
172,Mina,12/04/2026,Colaboradores,Empresa contratista,Aesa,3,3,3,3,2,2,3,3,2,4,4,5,3,3,3,3,3,3,4,3,3,4,2,4,4,4,3,3,4,
173,Mina,12/04/2026,Colaboradores,Empresa contratista,Aesa,2,3,3,3,3,3,2,3,3,4,5,5,4,4,4,3,3,3,4,3,3,3,2,3,2,3,2,2,5,
174,Mina,12/04/2026,Colaboradores,Empresa contratista,Aesa,1,1,3,4,1,1,1,3,1,4,5,5,5,2,2,2,2,3,4,3,2,2,1,1,2,2,3,2,2,
175,Mina,12/04/2026,Colaboradores,Empresa contratista,Aesa,2,3,3,3,2,4,3,4,3,4,3,4,3,4,3,3,3,3,4,3,4,3,4,3,4,3,3,4,3,
176,Mina,12/04/2026,Colaboradores,Empresa contratista,Aesa,3,2,3,3,3,3,3,3,3,2,3,5,4,3,3,3,3,2,2,2,3,3,3,3,3,3,3,3,3,
177,Mina,12/04/2026,Colaboradores,Empresa contratista,Aesa,3,2,3,3,3,4,4,4,4,4,4,3,3,3,4,4,3,3,4,4,4,4,4,4,3,4,3,4,3,
178,Mina,12/04/2026,Colaboradores,Empresa contratista,Aesa,2,2,2,3,2,2,2,3,2,3,3,5,3,3,3,3,3,3,2,3,2,3,2,3,3,3,2,3,2,mas compromiso en seguridad 
179,Mina,12/04/2026,Colaboradores,Empresa contratista,Aesa,2,3,2,2,3,2,3,2,2,2,2,2,2,3,3,2,2,2,3,2,3,2,2,2,2,2,3,2,5,
180,Mina,12/04/2026,Colaboradores,Empresa contratista,Aesa,2,2,3,3,3,3,3,1,2,4,4,3,3,3,3,3,3,3,4,1,3,2,1,3,2,2,3,3,5,
181,Mina,12/04/2025,Colaboradores,Empresa contratista,Aesa,2,2,3,2,3,3,3,3,2,2,3,3,3,4,3,2,3,3,3,3,3,3,3,3,3,3,3,3,3,
182,Mina,12/04/2026,Colaboradores,Empresa contratista,Aesa,2,2,1,1,2,1,2,2,2,2,3,2,3,5,2,2,2,1,2,2,3,2,1,1,3,1,2,1,1,
183,Mina,12/04/2026,Colaboradores,Empresa contratista,Aesa,1,1,1,1,1,1,1,1,1,1,5,5,5,4,4,4,2,2,2,2,2,2,2,1,1,1,2,2,5,
184,Mina,12/04/2026,Colaboradores,Empresa contratista,Aesa,1,3,3,2,3,2,2,2,2,3,2,3,4,4,3,3,1,2,2,3,3,3,3,2,2,2,2,3,3,
185,Mina,12/04/2026,Colaboradores,Empresa contratista,Aesa,3,3,3,3,3,3,3,3,3,3,3,3,3,3,3,3,3,3,3,3,2,3,3,2,3,3,3,3,2,
186,Mina,12/04/2026,Colaboradores,Empresa contratista,Aesa,2,3,2,2,3,2,2,3,4,5,5,5,4,3,3,2,5,1,3,2,3,2,2,3,4,2,3,1,5,
187,Mina,12/04/2026,Colaboradores,Empresa contratista,Aesa,3,4,5,4,4,4,3,3,4,5,5,5,4,4,5,4,4,4,3,3,4,3,2,4,3,3,4,4,5,
188,Mina,12/04/2026,Colaboradores,Empresa contratista,Aesa,3,2,2,3,3,3,2,3,3,3,4,5,4,4,4,3,4,3,4,3,4,4,3,3,3,4,3,2,4,
189,Mina,12/04/2026,Colaboradores,Empresa contratista,Aesa,2,2,3,2,1,2,2,3,4,2,2,5,1,3,2,3,2,1,3,1,2,3,2,3,2,3,2,2,5,
190,Mina,12/04/2026,Colaboradores,Empresa contratista,Aesa,2,2,3,2,2,2,1,1,2,4,4,4,4,3,2,2,2,3,3,2,2,3,2,3,2,3,3,2,2,Mejorar en capacitación
191,Mina,12/04/2026,Colaboradores,Empresa contratista,Aesa,1,2,1,2,2,1,1,1,2,2,2,2,2,2,1,1,5,5,5,5,5,5,5,5,5,5,5,5,5,
192,Mina,12/04/2026,Colaboradores,Empresa contratista,Aesa,3,3,4,4,2,3,3,3,3,5,3,5,5,4,4,5,3,4,4,3,3,3,4,4,4,4,4,4,5,
193,Mina,12/04/2026,Colaboradores,Empresa contratista,Aesa,2,4,5,4,4,4,4,4,5,5,5,5,4,5,5,2,4,2,3,4,4,2,5,4,4,4,4,4,5,Siempre evaluamos los riesgos 
194,Mina,12/04/2026,Colaboradores,Empresa contratista,Aesa,2,1,3,3,4,4,3,3,2,5,5,5,5,4,3,3,3,2,3,3,3,3,1,2,2,3,2,3,5,
195,Mina,12/04/2026,Colaboradores,Empresa contratista,Aesa,4,4,3,4,4,4,3,4,3,5,5,5,5,5,5,4,5,4,5,4,4,4,3,4,5,5,4,4,5,
196,Mina,12/04/2026,Colaboradores,Empresa contratista,Aesa,2,1,1,1,2,3,5,5,5,3,3,5,5,5,5,4,5,5,3,3,3,3,3,3,3,3,3,3,3,
197,Mina,12/04/2026,Colaboradores,Empresa contratista,Aesa,2,3,4,3,3,2,2,3,2,5,5,5,2,5,3,2,3,2,4,2,3,2,3,4,4,3,3,3,4,
198,Mina,12/04/2026,Colaboradores,Empresa contratista,Aesa,5,3,2,2,2,3,3,3,1,5,5,5,4,5,4,2,3,4,3,1,4,4,1,3,2,3,3,2,4,
199,Mina,12/04/2026,Colaboradores,Empresa contratista,Aesa,3,3,4,3,2,3,2,3,2,4,4,5,5,4,4,4,4,3,4,3,2,2,3,3,3,4,3,4,5,
200,Mina,12/04/2026,Colaboradores,Empresa contratista,Aesa,3,3,3,5,4,5,4,5,3,5,5,3,5,5,4,5,5,5,4,5,5,4,5,2,2,2,2,2,5,Capacitaciones
201,Mina,12/04/2026,Colaboradores,Empresa contratista,Aesa,2,2,2,2,3,2,2,4,4,5,5,5,3,2,2,2,4,2,2,3,2,2,2,2,2,2,2,2,5,
202,Mina,12/04/2026,Colaboradores,Empresa contratista,Aesa,2,2,2,2,2,2,2,2,2,2,2,2,2,2,2,2,2,2,2,2,2,2,,2,2,2,2,,2,
203,Mina,12/04/2026,Colaboradores,Empresa contratista,Aesa,2,2,2,2,2,2,2,2,2,3,2,2,2,2,2,2,2,3,2,2,2,2,2,2,2,2,2,2,3,
204,Mina,12/04/2026,Colaboradores,Empresa contratista,Aesa,4,3,4,4,4,4,4,4,4,5,5,5,4,4,4,4,4,4,5,4,4,4,3,3,4,4,4,4,5,
205,Mina,12/04/2026,Colaboradores,Empresa contratista,Aesa,5,5,5,5,5,4,4,4,5,5,5,5,4,4,5,5,5,5,5,5,5,5,5,5,5,5,5,5,5,
206,Mina,12/04/2026,Colaboradores,Empresa contratista,Aesa,2,4,3,4,4,5,4,4,4,1,5,5,4,5,5,5,5,4,5,4,2,5,5,5,5,5,4,5,5,
207,Mina,12/04/2026,Colaboradores,Empresa contratista,Aesa,2,2,2,3,3,2,2,2,2,4,5,5,5,5,5,3,2,2,2,2,3,2,2,2,2,2,3,2,5,
208,Mina,12/04/2026,Colaboradores,Empresa contratista,Aesa,2,2,2,3,3,2,2,2,2,4,5,5,5,5,5,3,2,2,2,2,2,2,3,2,2,2,3,2,2,
209,Mina,12/04/2026,Colaboradores,Empresa contratista,Aesa,3,3,3,3,3,3,3,3,3,3,3,5,3,5,3,3,3,3,3,3,3,3,3,3,3,3,3,3,3,
210,Mina,12/04/2026,Colaboradores,Empresa contratista,Aesa,1,2,3,3,2,2,2,3,4,3,2,3,2,4,4,4,4,3,2,1,2,2,4,3,4,4,4,3,3,
211,Mina,12/04/2026,Colaboradores,Empresa contratista,Aesa,2,2,3,2,3,3,2,2,3,4,4,5,3,5,5,2,4,3,3,1,4,3,2,3,2,2,4,3,3,
212,Mina,12/04/2026,Colaboradores,Empresa contratista,Aesa,3,4,4,4,4,4,3,4,4,5,4,5,3,4,3,3,4,2,3,3,2,3,4,4,3,4,3,3,5,
213,Mina,12/04/2026,Colaboradores,Empresa contratista,Aesa,2,2,2,2,2,2,2,2,2,5,5,5,2,2,2,2,2,2,2,1,2,2,2,3,2,2,2,2,5,
214,Mina,12/04/2026,Colaboradores,Empresa contratista,Aesa,5,5,5,5,5,5,5,5,5,5,5,5,5,5,5,5,5,5,5,5,5,5,5,5,5,5,5,5,5,
215,Mina,12/04/2026,Colaboradores,Empresa contratista,Aesa,3,3,3,4,3,3,4,4,4,5,5,5,4,4,3,4,4,3,4,3,3,3,3,4,3,3,3,3,4,
216,Mina,12/04/2026,Colaboradores,Empresa contratista,Aesa,2,1,2,3,2,3,3,5,3,5,5,5,5,5,5,2,2,3,4,1,2,1,1,5,5,1,1,1,2,
217,Mina,12/04/2026,Colaboradores,Empresa contratista,Aesa,4,4,4,5,2,3,3,3,4,5,2,5,5,4,4,2,2,2,4,1,2,3,1,2,2,1,1,1,1,
218,Mina,12/04/2026,Colaboradores,Empresa contratista,Aesa,1,1,4,2,4,4,2,3,3,5,5,5,3,5,5,5,5,3,5,5,5,3,1,5,1,2,2,3,5,
219,SSOMA,13/04/2026,Colaboradores,TItular minero,Raura,4,4,5,4,4,4,5,5,4,4,4,5,5,5,5,5,4,5,5,5,4,5,5,5,5,5,5,5,4,"Los productos de limpieza que tenemos almacenados y estan al alcance de los niños, ello puede generar quiza una intoxicación, por ello como control estamos optando guardar por precintos de seguridad o buscar un lugar mas adecuado "
220,SSOMA,13/04/2026,Colaboradores,Empresa contratista,EESAC,4,4,3,4,4,4,4,4,4,5,5,5,5,5,5,5,5,5,4,4,5,4,4,5,5,5,5,4,4,La seguridad es un compromiso con coraje en el cual todos debemos involucrarnos
221,SSOMA,13/04/2026,Colaboradores,Empresa contratista,EESAC,3,3,3,4,3,3,3,4,2,4,4,5,2,5,4,5,3,3,3,3,4,4,3,3,2,2,2,2,5,Involucrar a todos los miembros incluyendo a los mas pequeños para que puedan aprender y colaborar en la prevención en casa
222,SSOMA,13/04/2026,Supervisores,TItular minero,Raura,4,5,4,4,5,5,4,4,5,5,5,5,5,5,4,4,5,5,4,3,4,4,4,4,4,4,5,4,5,
223,SSOMA,13/04/2026,Colaboradores,TItular minero,Raura,2,3,2,2,2,2,2,3,2,4,5,5,3,3,2,3,3,3,4,3,3,2,2,3,4,4,3,2,2,En casa si dando soluciones comunes  pero lo mas complicado con tecnicos
224,Mina,13/04/2026,Colaboradores,TItular minero,Raura,4,3,3,4,4,4,4,4,4,5,5,5,3,3,3,4,4,4,4,4,5,4,3,4,4,4,4,4,3,Bajar corriendo las escaleras una vez identificado el riesgo evitarlo
225,Mina,13/04/2026,Supervisores,TItular minero,Raura,3,4,4,5,4,5,5,4,5,4,5,5,5,3,5,5,4,4,3,4,4,5,3,4,3,4,4,4,5,Siempre en casa se realizan los trabajos con seguridad
226,Mantenimiento ,13/04/2026,Supervisores,Empresa contratista,Confipetrol,4,4,5,5,5,5,5,5,5,5,5,5,5,5,5,5,5,5,5,5,5,5,5,5,5,4,5,5,5,Clasificación de residuos y como actuar en caso de sismos
227,Mantenimiento ,13/04/2026,Supervisores,Empresa contratista,Confipetrol,3,3,4,4,3,4,3,3,4,5,4,5,4,5,4,4,4,4,4,3,4,3,3,4,4,4,4,3,4,En temblores tenemos rutas de evacuación
228,Mantenimiento ,13/04/2026,Colaboradores,Empresa contratista,Confipetrol,4,4,4,4,4,4,3,4,4,5,4,5,4,5,4,4,4,4,4,5,4,4,5,4,4,4,4,3,3,
229,Mantenimiento ,13/04/2026,Supervisores,Empresa contratista,Confipetrol,4,4,3,4,4,4,3,4,4,4,5,5,3,4,3,3,4,4,5,4,4,4,3,5,4,4,4,4,3,Manipulacion de gases y productos quimicos
230,Mantenimiento ,13/04/2026,Colaboradores,Empresa contratista,Confipetrol,4,4,4,5,5,5,5,4,4,5,5,5,4,5,4,4,4,5,4,4,3,4,4,3,3,4,4,3,4,
231,Mantenimiento ,13/04/2026,Colaboradores,Empresa contratista,Confipetrol,3,4,4,4,4,3,3,4,4,4,5,5,4,5,5,5,4,4,4,4,4,5,5,5,5,5,4,5,5,
232,Mantenimiento ,13/04/2026,Colaboradores,Empresa contratista,Confipetrol,4,4,4,4,5,4,4,4,4,5,4,5,4,4,4,4,4,4,4,4,4,4,4,4,4,4,4,4,4,Se vigila cuando los pequeños hacen uso de un artefacto
233,Mantenimiento ,13/04/2026,Colaboradores,Empresa contratista,Confipetrol,4,4,5,4,4,4,4,4,4,5,4,5,4,4,4,4,4,3,4,4,4,4,4,3,3,4,4,3,3,
234,Mantenimiento ,13/04/2026,Asistentes,Empresa contratista,Confipetrol,4,5,4,4,4,5,5,5,5,5,5,4,5,5,4,4,5,4,4,5,4,5,5,5,4,5,4,5,5,
235,Mantenimiento ,13/04/2026,Colaboradores,Empresa contratista,Confipetrol,4,4,3,4,4,4,4,4,3,5,4,5,5,5,5,5,4,4,4,4,5,4,4,4,4,5,4,5,5,
236,Mantenimiento ,13/04/2026,Ingenieros,Empresa contratista,Confipetrol,4,5,4,4,4,4,4,4,4,4,5,5,5,4,4,4,5,4,4,4,4,4,4,4,4,4,4,4,4,
237,Mantenimiento ,13/04/2026,Superintendentes,Empresa contratista,Confipetrol,5,4,3,5,5,5,4,4,5,5,5,5,5,5,4,5,5,5,5,4,5,5,5,5,5,5,5,4,5,Instalción de camaras de seguridad
238,Mantenimiento ,13/04/2026,Ingenieros,Empresa contratista,Confipetrol,4,4,3,4,5,3,4,4,4,3,4,5,5,5,5,5,3,4,4,4,4,2,1,2,4,3,3,3,4,Lo prendido lo aplico en mi hogar 
239,Mantenimiento ,13/04/2026,Colaboradores,Empresa contratista,Confipetrol,4,4,4,3,4,3,4,4,3,3,3,5,4,4,3,3,3,3,4,2,3,3,2,4,3,4,3,3,5,
240,Mantenimiento ,13/04/2026,Superintendentes,TItular minero,Raura,5,5,5,5,5,5,,5,5,5,5,5,5,5,5,5,5,5,5,5,5,5,5,5,5,5,5,5,5,
241,Mantenimiento ,13/04/2026,Supervisores,TItular minero,Raura,5,5,5,5,5,5,5,5,5,4,4,4,5,4,5,5,5,5,5,5,5,5,5,5,5,5,5,5,3,
242,Mantenimiento ,11/04/2026,Jefe de área,TItular minero,Raura,5,4,5,5,4,3,4,4,4,4,4,4,4,4,4,4,4,4,5,4,4,4,4,4,5,4,4,4,5,
243,Mantenimiento ,12/04/2026,Colaboradores,TItular minero,Raura,4,4,4,5,4,4,4,4,5,3,4,4,4,4,4,5,5,4,4,4,4,4,5,4,4,4,4,4,5,Mejorar le trabajo en seguridad
244,Mantenimiento ,12/04/2026,Jefe de área,TItular minero,Raura,4,4,3,4,4,4,3,4,4,4,4,4,5,4,4,4,5,5,5,5,5,5,5,5,5,4,4,4,4,
245,Mantenimiento ,12/04/2026,Colaboradores,TItular minero,Raura,3,4,4,4,3,4,4,4,3,4,4,5,3,4,5,3,5,4,4,4,4,4,4,5,4,4,4,3,3,En el área reforzar el programa Reconocimiento 
246,Mantenimiento ,12/04/2026,Colaboradores,TItular minero,Raura,4,4,5,5,5,5,4,5,4,5,4,5,5,5,5,5,5,5,5,4,4,4,5,5,5,4,4,4,4,
247,Mantenimiento ,11/04/2026,Colaboradores,TItular minero,Raura,4,5,4,5,4,4,4,5,5,5,5,5,5,4,4,4,5,5,4,3,4,4,3,4,3,5,4,4,4,Promover campañas de Seguridad y respeto 
248,Mantenimiento ,11/04/2026, Jefe de zona,TItular minero,Raura,4,4,4,4,4,5,4,4,4,5,5,5,4,5,5,4,5,5,4,5,4,4,4,3,5,4,4,4,4,Esta encuesta es buena licenciada para medir la percepción del trabajador 
249,Mantenimiento ,11/04/2026,Colaboradores,TItular minero,Raura,4,3,4,4,3,4,3,4,4,3,4,4,4,4,4,3,4,5,3,4,3,4,4,4,4,5,3,3,4,
250,Mantenimiento ,11/04/2026,Jefe de área,TItular minero,Raura,4,3,4,4,5,5,4,4,4,4,5,5,4,4,5,4,5,4,4,4,3,4,5,4,4,4,4,4,4,Se sugiere que las actividades yv control de riesgos sean revisadas constantemente en campo 
251,Seguridad Patrimonial,13/04/2026,Supervisores,Empresa contratista,J & V Resguardo,5,5,3,4,4,4,5,5,5,5,4,5,5,5,3,4,4,4,4,4,4,4,3,4,4,5,4,5,5,
252,Seguridad Patrimonial,13/04/2026,Colaboradores,Empresa contratista,J & V Resguardo,3,4,4,5,5,4,5,4,4,5,5,5,5,4,4,4,4,5,5,4,5,4,5,5,5,5,4,4,5,
253,Seguridad Patrimonial,13/04/2026,Colaboradores,Empresa contratista,J & V Resguardo,4,5,4,5,5,5,5,5,5,5,5,5,5,5,5,5,5,5,5,5,5,5,5,5,5,5,5,5,4,El personal de sindicato baja a sus convenios para incumplir los procedimientos
254,Seguridad Patrimonial,13/04/2026,Colaboradores,Empresa contratista,J & V Resguardo,3,4,3,4,4,4,4,4,3,2,4,5,4,4,4,2,3,3,3,3,3,3,2,4,3,4,4,2,5,Realizar mejoras en el ambiente del hogar por bienestar familiar y mejorar calidad de vida 
255,Seguridad Patrimonial,13/04/2026,Colaboradores,Empresa contratista,J & V Resguardo,3,3,4,4,3,3,3,3,4,4,4,4,4,4,4,4,4,4,4,5,5,5,5,5,4,5,4,4,5,
256,Seguridad Patrimonial,13/04/2026,Colaboradores,Empresa contratista,J & V Resguardo,4,3,5,5,5,5,4,4,5,5,3,5,5,4,3,5,4,5,3,3,3,5,5,5,5,4,3,3,5,
257,Seguridad Patrimonial,13/04/2026,Colaboradores,Empresa contratista,J & V Resguardo,5,5,5,5,5,5,5,5,5,5,4,5,5,5,5,5,4,5,3,3,3,4,3,4,3,5,5,5,5,
258,Seguridad Patrimonial,13/04/2026,Colaboradores,Empresa contratista,J & V Resguardo,4,4,4,4,4,4,4,4,4,5,5,5,4,4,4,4,4,4,4,4,4,4,4,4,4,4,4,4,5,
259,Seguridad Patrimonial,13/04/2026,Colaboradores,Empresa contratista,J & V Resguardo,5,5,5,5,5,5,5,5,5,5,5,5,5,5,5,5,4,4,2,4,4,1,4,5,4,5,5,5,5,
260,Seguridad Patrimonial,13/04/2026,Colaboradores,Empresa contratista,J & V Resguardo,5,5,5,5,5,5,5,5,5,5,5,5,5,5,3,5,5,5,3,5,5,3,5,5,5,5,5,5,3,
261,Seguridad Patrimonial,13/04/2026,Colaboradores,Empresa contratista,J & V Resguardo,3,4,4,4,4,4,5,4,4,5,5,5,4,5,4,4,5,4,4,3,4,3,3,3,3,3,3,3,4,Personal cia deberia cumplir los procedimientos
262,Seguridad Patrimonial,13/04/2026,Supervisores,Empresa contratista,J & V Resguardo,3,4,4,4,4,4,4,5,4,5,4,5,5,4,3,4,5,4,5,4,4,3,5,4,4,5,4,4,5,
263,Seguridad Patrimonial,13/04/2026,Colaboradores,Empresa contratista,J & V Resguardo,5,5,4,5,5,5,4,5,4,5,5,5,5,5,4,5,4,5,5,4,5,4,4,4,5,5,5,4,4,
264,Seguridad Patrimonial,13/04/2026,Colaboradores,Empresa contratista,J & V Resguardo,3,4,4,5,5,5,4,4,3,5,3,5,5,5,3,5,5,4,4,3,3,5,3,5,4,4,3,3,3,
265,Seguridad Patrimonial,13/04/2026,Colaboradores,Empresa contratista,J & V Resguardo,5,5,5,5,5,5,5,5,5,5,5,5,5,5,4,5,5,5,3,5,5,5,3,5,5,5,5,5,4,
266,Seguridad Patrimonial,13/04/2026,Colaboradores,Empresa contratista,J & V Resguardo,5,5,5,5,5,5,5,5,5,5,5,5,5,5,3,5,5,5,3,5,5,5,3,5,5,5,5,5,3,IDENTIFICAR PELGROS
267,Seguridad Patrimonial,13/04/2026,Colaboradores,Empresa contratista,J & V Resguardo,1,3,3,4,5,5,5,5,5,5,5,5,5,5,5,5,3,3,3,4,4,3,2,5,4,5,5,5,5,
268,Seguridad Patrimonial,13/04/2026,Colaboradores,Empresa contratista,J & V Resguardo,4,5,4,4,5,5,5,5,4,5,5,5,5,5,4,5,4,4,4,4,4,4,4,4,4,4,4,4,5,
269,Seguridad Patrimonial,13/04/2026,Colaboradores,Empresa contratista,J & V Resguardo,5,5,5,5,5,5,5,5,5,5,5,5,5,5,5,5,5,5,5,5,5,5,5,5,5,5,5,5,5,
270,Seguridad Patrimonial,13/04/2026,Colaboradores,Empresa contratista,J & V Resguardo,4,5,4,5,4,5,4,5,4,4,4,5,4,5,4,5,4,5,5,4,5,4,5,4,5,4,5,4,4,
271,Seguridad Patrimonial,13/04/2026,Colaboradores,Empresa contratista,J & V Resguardo,4,3,3,4,4,5,5,4,4,4,5,4,3,4,4,4,5,4,4,3,4,4,4,4,3,4,4,4,5,
272,Seguridad Patrimonial,13/04/2026,Colaboradores,Empresa contratista,J & V Resguardo,4,3,3,3,3,3,4,3,4,3,4,2,2,4,4,4,4,3,4,3,4,3,4,3,4,3,4,5,5,
243,Seguridad Patrimonial,13/04/2026,Colaboradores,Empresa contratista,J & V Resguardo,5,5,5,5,5,5,5,5,5,5,5,5,5,4,3,5,5,5,3,3,3,2,4,5,5,4,3,4,3,
274,Seguridad Patrimonial,13/04/2026,Colaboradores,Empresa contratista,J & V Resguardo,3,4,3,4,4,4,3,4,4,5,5,5,4,4,4,4,5,5,4,3,3,3,2,5,4,4,4,4,4,
275,Seguridad Patrimonial,13/04/2026,Colaboradores,Empresa contratista,J & V Resguardo,5,5,3,5,5,5,5,5,5,5,5,5,5,5,5,5,5,5,5,5,5,5,5,5,5,5,5,5,5,
276,Seguridad Patrimonial,13/04/2026,Colaboradores,Empresa contratista,J & V Resguardo,5,5,5,5,5,5,4,4,4,3,5,5,5,4,4,4,4,4,4,3,3,4,4,5,4,5,4,2,1,
277,Seguridad Patrimonial,13/04/2026,Colaboradores,Empresa contratista,J & V Resguardo,1,3,3,4,5,5,5,5,5,2,5,5,5,5,5,5,5,5,5,5,5,5,5,5,5,5,5,5,5,
278,Seguridad Patrimonial,13/04/2026,Colaboradores,Empresa contratista,J & V Resguardo,5,4,5,4,5,5,4,5,5,3,3,5,5,5,5,5,5,4,5,4,5,5,5,4,5,4,5,5,5,
279,Seguridad Patrimonial,13/04/2026,Colaboradores,Empresa contratista,J & V Resguardo,2,2,3,3,3,3,3,3,3,2,3,5,4,3,3,5,3,3,3,4,4,3,2,5,4,5,5,5,5,
280,Seguridad Patrimonial,13/04/2026,Colaboradores,Empresa contratista,J & V Resguardo,5,5,5,5,5,5,5,5,5,5,5,5,5,5,5,5,5,5,4,5,5,5,5,5,5,5,5,5,5,
281,Seguridad Patrimonial,13/04/2026,Colaboradores,Empresa contratista,J & V Resguardo,5,5,5,5,5,5,4,4,5,4,4,5,5,4,4,4,4,4,4,3,3,3,2,4,4,5,5,4,1,
282,Seguridad Patrimonial,13/04/2026,Colaboradores,Empresa contratista,J & V Resguardo,6,5,5,5,5,5,5,5,5,5,5,5,5,5,5,5,5,5,4,5,5,5,5,5,5,5,5,5,5,
283,Seguridad Patrimonial,13/04/2026,Colaboradores,Empresa contratista,J & V Resguardo,5,5,5,5,5,5,5,5,5,5,5,5,5,5,5,5,5,4,5,5,5,5,5,5,5,5,5,5,5,
284,Seguridad Patrimonial,13/04/2026,Colaboradores,Empresa contratista,J & V Resguardo,4,4,3,3,4,4,3,3,3,4,3,3,4,4,3,3,3,3,4,3,3,4,4,3,3,4,3,3,5,
285,Seguridad Patrimonial,13/04/2026,Colaboradores,Empresa contratista,J & V Resguardo,4,3,5,5,5,5,4,4,5,5,3,5,5,4,3,5,4,5,3,3,3,5,5,5,5,4,3,3,5,
286,Seguridad Patrimonial,13/04/2026,Colaboradores,Empresa contratista,J & V Resguardo,3,4,5,3,4,4,4,4,5,5,3,5,5,5,5,3,4,4,3,3,4,3,2,4,3,4,3,3,3,
287,Mina,13/04/2026, Jefe de zona,TItular minero,Raura,5,4,4,5,5,5,5,5,4,5,5,5,4,5,4,5,5,5,4,3,4,5,4,3,4,5,4,4,5,Tomo controles en casa si identifico un peligro 
288,RRHH,13/04/2026,Colaboradores,Empresa contratista,Newrest,5,3,5,5,5,5,3,5,5,5,5,5,5,5,5,5,5,5,5,3,3,3,5,5,5,5,3,3,5,Usar los tres puntos de apoyo 
289,RRHH,13/04/2026,Colaboradores,Empresa contratista,Newrest,5,3,1,3,2,4,3,3,2,5,2,5,4,5,4,5,4,3,2,1,3,3,5,5,4,3,5,5,5,Siempre uso cituron de seguridad
290,RRHH,13/04/2026,Colaboradores,Empresa contratista,Newrest,5,4,5,5,5,5,5,4,5,5,5,5,5,5,5,4,5,4,4,3,3,3,4,4,4,5,4,4,5,Usamos el cinturon de seguridad
291,RRHH,13/04/2026,Colaboradores,Empresa contratista,Newrest,5,3,5,5,5,5,4,5,5,5,5,5,5,5,4,4,5,4,5,3,4,4,5,4,4,5,4,4,5,Para cargar cosas muy pesadas se sugiere apoyar
292,RRHH,13/04/2026,Asistentes,Empresa contratista,Newrest,3,2,3,3,3,3,3,3,3,3,3,4,3,3,3,3,3,3,3,3,3,3,3,2,3,4,3,3,3,"Tnego mochila de emergencia , aplico los tres puntos de apoyo"
293,RRHH,13/04/2026,Asistentes,Empresa contratista,Newrest,5,4,5,4,4,5,4,5,5,4,5,5,4,5,5,5,5,5,4,4,4,4,5,5,5,4,5,3,4,Tnego botiquin en caso de emergencia 
294,RRHH,13/04/2026,Asistentes,Empresa contratista,Newrest,4,5,5,5,5,5,5,5,5,5,5,5,5,5,5,5,5,5,4,5,5,5,5,5,5,5,5,5,5,Hablo con mi familia de los 3 puntos de apoyo
295,RRHH,13/04/2026,Supervisores,Empresa contratista,Newrest,4,4,4,3,4,4,3,3,4,4,4,4,4,4,4,4,4,3,4,4,4,4,4,3,4,4,4,4,4,Coloque barandas en el servicio higienico para que mi familia puede agarrarse ya que tiene dificultad para movilizarse
296,RRHH,13/04/2026,Supervisores,Empresa contratista,Newrest,4,4,4,3,3,3,4,3,4,4,4,5,3,4,4,3,4,3,4,3,4,4,4,4,4,4,4,3,3,
297,RRHH,13/04/2026,Asistentes,Empresa contratista,Newrest,4,4,3,3,4,4,4,3,4,4,4,5,4,4,4,4,4,4,4,3,4,4,4,4,4,4,4,4,3,
298,RRHH,13/04/2026,Colaboradores,Empresa contratista,Newrest,2,2,2,3,5,5,2,5,5,5,5,5,5,5,2,5,5,2,5,3,3,5,3,5,5,5,5,5,5,
299,RRHH,13/04/2026,Colaboradores,Empresa contratista,Newrest,4,3,4,5,5,4,4,4,5,5,4,4,5,4,4,5,5,4,4,4,4,3,4,4,4,4,4,4,1,
300,RRHH,13/04/2026,Colaboradores,Empresa contratista,Newrest,2,2,2,2,2,2,2,2,2,5,5,2,1,2,2,1,1,1,2,1,2,2,2,1,1,2,2,2,3,
301,RRHH,13/04/2026,Colaboradores,Empresa contratista,Newrest,5,5,5,5,5,5,5,5,5,5,5,5,5,5,5,5,5,5,5,5,5,5,5,5,5,5,5,5,5,NO TIENE LOS TRES PUNTOS DE APOYO MIS ESCALERAS
302,RRHH,13/04/2026,Colaboradores,Empresa contratista,Newrest,4,4,4,5,5,5,5,3,5,5,5,5,5,3,3,5,3,4,4,5,3,4,4,4,4,3,4,4,1,Bueno mi hogar se mantiene seguro libre de peligros
303,RRHH,13/04/2026,Colaboradores,Empresa contratista,Newrest,4,4,4,4,4,4,3,4,3,3,4,5,4,4,4,4,4,4,3,2,4,3,4,4,4,4,4,4,3,En casa identifique inadecuada iluminación en algunas zonas
304,RRHH,13/04/2026,Colaboradores,Empresa contratista,Newrest,5,5,4,5,5,5,5,5,5,5,5,5,5,5,4,5,5,5,5,5,5,5,5,5,5,5,5,5,5,MI casa es un ambiente seguro
305,RRHH,13/04/2026,Colaboradores,Empresa contratista,Newrest,4,5,5,5,4,5,5,5,5,3,1,5,5,5,5,5,3,3,3,4,4,4,4,5,5,5,5,5,2,
306,RRHH,13/04/2026,Colaboradores,Empresa contratista,Newrest,4,3,4,3,4,4,4,3,4,2,2,5,4,3,4,5,3,3,4,3,3,3,4,3,4,4,4,3,2,
307,RRHH,13/04/2026,Colaboradores,Empresa contratista,Newrest,4,4,4,4,5,4,4,5,5,4,4,5,4,5,4,5,4,4,4,4,4,4,5,5,5,5,4,4,3,Mi casa es segura
308,RRHH,13/04/2026,Colaboradores,Empresa contratista,Newrest,5,4,5,5,5,4,5,5,4,5,4,5,5,5,5,5,4,4,5,4,5,5,5,5,5,5,5,4,5,"mki casa se encuentra en instalaciones de agua, luz"
309,RRHH,13/04/2026,Colaboradores,Empresa contratista,Newrest,4,4,4,5,5,5,4,5,5,5,5,5,5,5,5,5,5,5,4,5,5,4,4,5,4,5,5,5,2,Mi casa esta en construccion y si hay peligros
310,RRHH,13/04/2026,Colaboradores,Empresa contratista,Newrest,5,5,4,5,4,4,5,5,4,5,5,5,5,5,4,5,5,5,4,5,5,4,5,2,5,5,2,4,2,mi hogas esta bien 
311,RRHH,13/04/2026,Colaboradores,Empresa contratista,Newrest,4,4,4,3,3,5,5,5,5,5,2,5,5,5,5,5,3,3,3,4,5,3,5,5,5,5,5,4,2,
312,RRHH,13/04/2026,Colaboradores,Empresa contratista,Newrest,4,5,4,5,5,5,5,5,4,5,5,5,5,4,5,5,5,5,5,4,5,5,5,4,4,5,5,5,5,
313,RRHH,13/04/2026,Colaboradores,Empresa contratista,Newrest,5,5,5,5,5,5,5,5,5,5,5,5,5,5,5,5,5,5,5,4,4,4,5,5,5,5,5,4,5,En cada esquina pongo microporoso para evitar golpes
314,RRHH,13/04/2026,Colaboradores,Empresa contratista,Newrest,5,4,4,5,5,4,4,5,5,3,4,5,4,4,4,3,5,4,4,4,4,4,3,5,3,4,3,2,1,mi casa esta bien 
315,RRHH,13/04/2026,Colaboradores,Empresa contratista,Newrest,4,4,4,4,5,5,4,5,5,4,5,5,5,5,4,4,4,4,4,5,4,4,4,4,4,4,4,4,1,poniendo señalizaciones
316,RRHH,13/04/2026,Colaboradores,Empresa contratista,Newrest,5,4,5,5,5,4,5,5,2,5,4,3,5,5,3,3,5,3,3,2,3,5,3,3,4,5,3,2,5,Siempre mntener limpieza y orden 
317,RRHH,13/04/2026,Colaboradores,Empresa contratista,Newrest,5,4,4,4,4,4,4,4,4,5,5,5,4,4,3,4,4,4,4,4,4,4,4,4,5,5,5,5,4,Desde que trabajo en mineria en mi casa usamos guantes
318,RRHH,13/04/2026,Colaboradores,Empresa contratista,Newrest,4,4,3,4,5,4,3,3,3,2,4,5,4,5,4,4,4,4,4,3,3,3,2,2,3,4,4,3,5,Se realiza orden y limpieza para evitar caidas
319,RRHH,13/04/2026,Colaboradores,Empresa contratista,Newrest,5,3,5,4,5,5,5,5,4,3,4,5,5,5,5,5,5,5,5,5,4,4,4,5,5,5,5,5,5,mejorar el piso de mi ccasa 
320,RRHH,13/04/2026,Colaboradores,Empresa contratista,Newrest,5,3,5,4,5,5,4,5,5,5,4,5,5,4,5,5,3,3,2,3,4,3,3,3,5,4,4,3,3,
321,RRHH,,Colaboradores,Empresa contratista,Newrest,,,,,,,,,,,,,,,,,,,,,,,,,,,,,,
322,RRHH,,Colaboradores,Empresa contratista,Newrest,,,,,,,,,,,,,,,,,,,,,,,,,,,,,,
323,RRHH,,Colaboradores,Empresa contratista,Newrest,,,,,,,,,,,,,,,,,,,,,,,,,,,,,,
324,RRHH,,Colaboradores,Empresa contratista,Newrest,,,,,,,,,,,,,,,,,,,,,,,,,,,,,,
325,RRHH,,Colaboradores,Empresa contratista,Newrest,,,,,,,,,,,,,,,,,,,,,,,,,,,,,,
326,RRHH,,Colaboradores,Empresa contratista,Newrest,,,,,,,,,,,,,,,,,,,,,,,,,,,,,,
327,RRHH,,Colaboradores,Empresa contratista,Newrest,,,,,,,,,,,,,,,,,,,,,,,,,,,,,,
328,RRHH,,Colaboradores,Empresa contratista,Newrest,,,,,,,,,,,,,,,,,,,,,,,,,,,,,,
329,RRHH,,Colaboradores,Empresa contratista,Newrest,,,,,,,,,,,,,,,,,,,,,,,,,,,,,,
330,RRHH,,Colaboradores,Empresa contratista,Newrest,,,,,,,,,,,,,,,,,,,,,,,,,,,,,,
331,,,,,,,,,,,,,,,,,,,,,,,,,,,,,,,,,,,
332,,,,,,,,,,,,,,,,,,,,,,,,,,,,,,,,,,,
333,,,,,,,,,,,,,,,,,,,,,,,,,,,,,,,,,,,
334,,,,,,,,,,,,,,,,,,,,,,,,,,,,,,,,,,,
335,,,,,,,,,,,,,,,,,,,,,,,,,,,,,,,,,,,
336,,,,,,,,,,,,,,,,,,,,,,,,,,,,,,,,,,,
337,,,,,,,,,,,,,,,,,,,,,,,,,,,,,,,,,,,
338,,,,,,,,,,,,,,,,,,,,,,,,,,,,,,,,,,,
339,,,,,,,,,,,,,,,,,,,,,,,,,,,,,,,,,,,
340,,,,,,,,,,,,,,,,,,,,,,,,,,,,,,,,,,,
341,,,,,,,,,,,,,,,,,,,,,,,,,,,,,,,,,,,
342,,,,,,,,,,,,,,,,,,,,,,,,,,,,,,,,,,,
343,,,,,,,,,,,,,,,,,,,,,,,,,,,,,,,,,,,
344,,,,,,,,,,,,,,,,,,,,,,,,,,,,,,,,,,,
345,,,,,,,,,,,,,,,,,,,,,,,,,,,,,,,,,,,
346,,,,,,,,,,,,,,,,,,,,,,,,,,,,,,,,,,,
347,,,,,,,,,,,,,,,,,,,,,,,,,,,,,,,,,,,
348,,,,,,,,,,,,,,,,,,,,,,,,,,,,,,,,,,,
349,,,,,,,,,,,,,,,,,,,,,,,,,,,,,,,,,,,
350,,,,,,,,,,,,,,,,,,,,,,,,,,,,,,,,,,,
351,,,,,,,,,,,,,,,,,,,,,,,,,,,,,,,,,,,
352,,,,,,,,,,,,,,,,,,,,,,,,,,,,,,,,,,,
353,,,,,,,,,,,,,,,,,,,,,,,,,,,,,,,,,,,
354,,,,,,,,,,,,,,,,,,,,,,,,,,,,,,,,,,,
355,,,,,,,,,,,,,,,,,,,,,,,,,,,,,,,,,,,
356,,,,,,,,,,,,,,,,,,,,,,,,,,,,,,,,,,,
357,,,,,,,,,,,,,,,,,,,,,,,,,,,,,,,,,,,
358,,,,,,,,,,,,,,,,,,,,,,,,,,,,,,,,,,,
359,,,,,,,,,,,,,,,,,,,,,,,,,,,,,,,,,,,
360,,,,,,,,,,,,,,,,,,,,,,,,,,,,,,,,,,,
361,,,,,,,,,,,,,,,,,,,,,,,,,,,,,,,,,,,
362,,,,,,,,,,,,,,,,,,,,,,,,,,,,,,,,,,,
363,,,,,,,,,,,,,,,,,,,,,,,,,,,,,,,,,,,
364,,,,,,,,,,,,,,,,,,,,,,,,,,,,,,,,,,,
365,,,,,,,,,,,,,,,,,,,,,,,,,,,,,,,,,,,
366,,,,,,,,,,,,,,,,,,,,,,,,,,,,,,,,,,,
367,,,,,,,,,,,,,,,,,,,,,,,,,,,,,,,,,,,
368,,,,,,,,,,,,,,,,,,,,,,,,,,,,,,,,,,,
369,,,,,,,,,,,,,,,,,,,,,,,,,,,,,,,,,,,
370,,,,,,,,,,,,,,,,,,,,,,,,,,,,,,,,,,,
371,,,,,,,,,,,,,,,,,,,,,,,,,,,,,,,,,,,
372,,,,,,,,,,,,,,,,,,,,,,,,,,,,,,,,,,,
373,,,,,,,,,,,,,,,,,,,,,,,,,,,,,,,,,,,
374,,,,,,,,,,,,,,,,,,,,,,,,,,,,,,,,,,,
375,,,,,,,,,,,,,,,,,,,,,,,,,,,,,,,,,,,
376,,,,,,,,,,,,,,,,,,,,,,,,,,,,,,,,,,,
377,,,,,,,,,,,,,,,,,,,,,,,,,,,,,,,,,,,
378,,,,,,,,,,,,,,,,,,,,,,,,,,,,,,,,,,,
379,,,,,,,,,,,,,,,,,,,,,,,,,,,,,,,,,,,
380,,,,,,,,,,,,,,,,,,,,,,,,,,,,,,,,,,,
381,,,,,,,,,,,,,,,,,,,,,,,,,,,,,,,,,,,
382,,,,,,,,,,,,,,,,,,,,,,,,,,,,,,,,,,,
383,,,,,,,,,,,,,,,,,,,,,,,,,,,,,,,,,,,
384,,,,,,,,,,,,,,,,,,,,,,,,,,,,,,,,,,,
385,,,,,,,,,,,,,,,,,,,,,,,,,,,,,,,,,,,
386,,,,,,,,,,,,,,,,,,,,,,,,,,,,,,,,,,,
387,,,,,,,,,,,,,,,,,,,,,,,,,,,,,,,,,,,
388,,,,,,,,,,,,,,,,,,,,,,,,,,,,,,,,,,,
389,,,,,,,,,,,,,,,,,,,,,,,,,,,,,,,,,,,
390,,,,,,,,,,,,,,,,,,,,,,,,,,,,,,,,,,,
391,,,,,,,,,,,,,,,,,,,,,,,,,,,,,,,,,,,
392,,,,,,,,,,,,,,,,,,,,,,,,,,,,,,,,,,,
393,,,,,,,,,,,,,,,,,,,,,,,,,,,,,,,,,,,
394,,,,,,,,,,,,,,,,,,,,,,,,,,,,,,,,,,,
395,,,,,,,,,,,,,,,,,,,,,,,,,,,,,,,,,,,
396,,,,,,,,,,,,,,,,,,,,,,,,,,,,,,,,,,,
397,,,,,,,,,,,,,,,,,,,,,,,,,,,,,,,,,,,
398,,,,,,,,,,,,,,,,,,,,,,,,,,,,,,,,,,,
399,,,,,,,,,,,,,,,,,,,,,,,,,,,,,,,,,,,
400,,,,,,,,,,,,,,,,,,,,,,,,,,,,,,,,,,,
401,,,,,,,,,,,,,,,,,,,,,,,,,,,,,,,,,,,
402,,,,,,,,,,,,,,,,,,,,,,,,,,,,,,,,,,,
403,,,,,,,,,,,,,,,,,,,,,,,,,,,,,,,,,,,
404,,,,,,,,,,,,,,,,,,,,,,,,,,,,,,,,,,,
405,,,,,,,,,,,,,,,,,,,,,,,,,,,,,,,,,,,
406,,,,,,,,,,,,,,,,,,,,,,,,,,,,,,,,,,,
407,,,,,,,,,,,,,,,,,,,,,,,,,,,,,,,,,,,
408,,,,,,,,,,,,,,,,,,,,,,,,,,,,,,,,,,,
409,,,,,,,,,,,,,,,,,,,,,,,,,,,,,,,,,,,
410,,,,,,,,,,,,,,,,,,,,,,,,,,,,,,,,,,,
411,,,,,,,,,,,,,,,,,,,,,,,,,,,,,,,,,,,
412,,,,,,,,,,,,,,,,,,,,,,,,,,,,,,,,,,,
413,,,,,,,,,,,,,,,,,,,,,,,,,,,,,,,,,,,
414,,,,,,,,,,,,,,,,,,,,,,,,,,,,,,,,,,,
415,,,,,,,,,,,,,,,,,,,,,,,,,,,,,,,,,,,
416,,,,,,,,,,,,,,,,,,,,,,,,,,,,,,,,,,,
417,,,,,,,,,,,,,,,,,,,,,,,,,,,,,,,,,,,
418,,,,,,,,,,,,,,,,,,,,,,,,,,,,,,,,,,,
419,,,,,,,,,,,,,,,,,,,,,,,,,,,,,,,,,,,
420,,,,,,,,,,,,,,,,,,,,,,,,,,,,,,,,,,,
421,,,,,,,,,,,,,,,,,,,,,,,,,,,,,,,,,,,
422,,,,,,,,,,,,,,,,,,,,,,,,,,,,,,,,,,,
423,,,,,,,,,,,,,,,,,,,,,,,,,,,,,,,,,,,
424,,,,,,,,,,,,,,,,,,,,,,,,,,,,,,,,,,,
425,,,,,,,,,,,,,,,,,,,,,,,,,,,,,,,,,,,
426,,,,,,,,,,,,,,,,,,,,,,,,,,,,,,,,,,,
427,,,,,,,,,,,,,,,,,,,,,,,,,,,,,,,,,,,
428,,,,,,,,,,,,,,,,,,,,,,,,,,,,,,,,,,,
429,,,,,,,,,,,,,,,,,,,,,,,,,,,,,,,,,,,
430,,,,,,,,,,,,,,,,,,,,,,,,,,,,,,,,,,,
431,,,,,,,,,,,,,,,,,,,,,,,,,,,,,,,,,,,
432,,,,,,,,,,,,,,,,,,,,,,,,,,,,,,,,,,,
433,,,,,,,,,,,,,,,,,,,,,,,,,,,,,,,,,,,
434,,,,,,,,,,,,,,,,,,,,,,,,,,,,,,,,,,,
435,,,,,,,,,,,,,,,,,,,,,,,,,,,,,,,,,,,
436,,,,,,,,,,,,,,,,,,,,,,,,,,,,,,,,,,,
437,,,,,,,,,,,,,,,,,,,,,,,,,,,,,,,,,,,
438,,,,,,,,,,,,,,,,,,,,,,,,,,,,,,,,,,,
439,,,,,,,,,,,,,,,,,,,,,,,,,,,,,,,,,,,
440,,,,,,,,,,,,,,,,,,,,,,,,,,,,,,,,,,,
441,,,,,,,,,,,,,,,,,,,,,,,,,,,,,,,,,,,
442,,,,,,,,,,,,,,,,,,,,,,,,,,,,,,,,,,,
443,,,,,,,,,,,,,,,,,,,,,,,,,,,,,,,,,,,
444,,,,,,,,,,,,,,,,,,,,,,,,,,,,,,,,,,,
445,,,,,,,,,,,,,,,,,,,,,,,,,,,,,,,,,,,
446,,,,,,,,,,,,,,,,,,,,,,,,,,,,,,,,,,,
447,,,,,,,,,,,,,,,,,,,,,,,,,,,,,,,,,,,
448,,,,,,,,,,,,,,,,,,,,,,,,,,,,,,,,,,,
449,,,,,,,,,,,,,,,,,,,,,,,,,,,,,,,,,,,
450,,,,,,,,,,,,,,,,,,,,,,,,,,,,,,,,,,,
451,,,,,,,,,,,,,,,,,,,,,,,,,,,,,,,,,,,
452,,,,,,,,,,,,,,,,,,,,,,,,,,,,,,,,,,,
453,,,,,,,,,,,,,,,,,,,,,,,,,,,,,,,,,,,
454,,,,,,,,,,,,,,,,,,,,,,,,,,,,,,,,,,,
455,,,,,,,,,,,,,,,,,,,,,,,,,,,,,,,,,,,
456,,,,,,,,,,,,,,,,,,,,,,,,,,,,,,,,,,,
457,,,,,,,,,,,,,,,,,,,,,,,,,,,,,,,,,,,
458,,,,,,,,,,,,,,,,,,,,,,,,,,,,,,,,,,,
459,,,,,,,,,,,,,,,,,,,,,,,,,,,,,,,,,,,
460,,,,,,,,,,,,,,,,,,,,,,,,,,,,,,,,,,,
461,,,,,,,,,,,,,,,,,,,,,,,,,,,,,,,,,,,
462,,,,,,,,,,,,,,,,,,,,,,,,,,,,,,,,,,,
463,,,,,,,,,,,,,,,,,,,,,,,,,,,,,,,,,,,
464,,,,,,,,,,,,,,,,,,,,,,,,,,,,,,,,,,,
465,,,,,,,,,,,,,,,,,,,,,,,,,,,,,,,,,,,
466,,,,,,,,,,,,,,,,,,,,,,,,,,,,,,,,,,,
467,,,,,,,,,,,,,,,,,,,,,,,,,,,,,,,,,,,
468,,,,,,,,,,,,,,,,,,,,,,,,,,,,,,,,,,,
469,,,,,,,,,,,,,,,,,,,,,,,,,,,,,,,,,,,
470,,,,,,,,,,,,,,,,,,,,,,,,,,,,,,,,,,,
471,,,,,,,,,,,,,,,,,,,,,,,,,,,,,,,,,,,
472,,,,,,,,,,,,,,,,,,,,,,,,,,,,,,,,,,,
473,,,,,,,,,,,,,,,,,,,,,,,,,,,,,,,,,,,
474,,,,,,,,,,,,,,,,,,,,,,,,,,,,,,,,,,,
475,,,,,,,,,,,,,,,,,,,,,,,,,,,,,,,,,,,
476,,,,,,,,,,,,,,,,,,,,,,,,,,,,,,,,,,,
477,,,,,,,,,,,,,,,,,,,,,,,,,,,,,,,,,,,
478,,,,,,,,,,,,,,,,,,,,,,,,,,,,,,,,,,,
479,,,,,,,,,,,,,,,,,,,,,,,,,,,,,,,,,,,
480,,,,,,,,,,,,,,,,,,,,,,,,,,,,,,,,,,,
481,,,,,,,,,,,,,,,,,,,,,,,,,,,,,,,,,,,
482,,,,,,,,,,,,,,,,,,,,,,,,,,,,,,,,,,,
483,,,,,,,,,,,,,,,,,,,,,,,,,,,,,,,,,,,
484,,,,,,,,,,,,,,,,,,,,,,,,,,,,,,,,,,,
485,,,,,,,,,,,,,,,,,,,,,,,,,,,,,,,,,,,
486,,,,,,,,,,,,,,,,,,,,,,,,,,,,,,,,,,,
487,,,,,,,,,,,,,,,,,,,,,,,,,,,,,,,,,,,
488,,,,,,,,,,,,,,,,,,,,,,,,,,,,,,,,,,,
489,,,,,,,,,,,,,,,,,,,,,,,,,,,,,,,,,,,
490,,,,,,,,,,,,,,,,,,,,,,,,,,,,,,,,,,,
491,,,,,,,,,,,,,,,,,,,,,,,,,,,,,,,,,,,
492,,,,,,,,,,,,,,,,,,,,,,,,,,,,,,,,,,,
493,,,,,,,,,,,,,,,,,,,,,,,,,,,,,,,,,,,
494,,,,,,,,,,,,,,,,,,,,,,,,,,,,,,,,,,,
495,,,,,,,,,,,,,,,,,,,,,,,,,,,,,,,,,,,
496,,,,,,,,,,,,,,,,,,,,,,,,,,,,,,,,,,,
497,,,,,,,,,,,,,,,,,,,,,,,,,,,,,,,,,,,
498,,,,,,,,,,,,,,,,,,,,,,,,,,,,,,,,,,,
499,,,,,,,,,,,,,,,,,,,,,,,,,,,,,,,,,,,
500,,,,,,,,,,,,,,,,,,,,,,,,,,,,,,,,,,,
501,,,,,,,,,,,,,,,,,,,,,,,,,,,,,,,,,,,
502,,,,,,,,,,,,,,,,,,,,,,,,,,,,,,,,,,,
503,,,,,,,,,,,,,,,,,,,,,,,,,,,,,,,,,,,